,time,open,high,low,close,volume,score,num_comments,thread_volume
0,2021-08-02 09:00,0.4576,0.4576,0.4566,0.4566,200,0.0,0.0,0.0
1,2021-08-02 09:15,0.4548,0.4548,0.4546,0.4546,200,0.0,0.0,0.0
2,2021-08-02 09:30,0.4514,0.4514,0.4498,0.4498,200,0.0,0.0,0.0
3,2021-08-02 09:45,0.4484,0.4498,0.4484,0.4498,200,0.0,0.0,0.0
4,2021-08-02 10:15,0.447,0.447,0.447,0.447,387,0.0,0.0,0.0
5,2021-08-02 11:15,0.4497,0.4497,0.4497,0.4497,100,0.0,0.0,0.0
6,2021-08-02 11:30,0.4486,0.4494,0.4486,0.4494,200,0.0,0.0,0.0
7,2021-08-02 11:45,0.4528,0.4528,0.4528,0.4528,700,0.0,0.0,0.0
8,2021-08-02 12:00,0.45,0.45,0.45,0.45,1000,0.0,0.0,0.0
9,2021-08-02 12:45,0.4466,0.4466,0.446,0.446,1100,0.0,0.0,0.0
10,2021-08-02 14:00,0.4506,0.4506,0.4506,0.4506,100,0.0,0.0,0.0
11,2021-08-02 14:15,0.452,0.452,0.452,0.452,200,0.0,0.0,0.0
12,2021-08-02 15:15,0.4506,0.4506,0.4506,0.4506,100,0.0,0.0,0.0
13,2021-08-02 15:45,0.4499,0.4499,0.446,0.4479,2300,0.0,0.0,0.0
14,2021-08-03 10:15,0.4455,0.4455,0.4455,0.4455,400,0.0,0.0,0.0
15,2021-08-03 10:30,0.45,0.45,0.45,0.45,200,0.0,0.0,0.0
16,2021-08-03 10:45,0.4438,0.4438,0.4438,0.4438,5900,0.0,0.0,0.0
17,2021-08-03 11:30,0.44,0.44,0.44,0.44,100,0.0,0.0,0.0
18,2021-08-03 12:00,0.441,0.441,0.441,0.441,300,0.0,0.0,0.0
19,2021-08-03 12:15,0.4418,0.4419,0.4418,0.4419,400,0.0,0.0,0.0
20,2021-08-03 12:30,0.4439,0.4439,0.4439,0.4439,100,0.0,0.0,0.0
21,2021-08-03 12:45,0.445,0.445,0.445,0.445,1200,0.0,0.0,0.0
22,2021-08-03 13:00,0.4486,0.4486,0.4486,0.4486,200,0.0,0.0,0.0
23,2021-08-03 14:15,0.45,0.4511,0.45,0.4511,500,0.0,0.0,0.0
24,2021-08-03 14:30,0.4511,0.4572,0.4511,0.4572,2800,0.0,0.0,0.0
25,2021-08-03 14:45,0.4574,0.4617,0.4574,0.4617,900,0.0,0.0,0.0
26,2021-08-03 15:00,0.4608,0.4608,0.4595,0.46,831,0.0,0.0,0.0
27,2021-08-03 15:45,0.455,0.455,0.455,0.455,400,0.0,0.0,0.0
28,2021-08-04 09:15,0.4522,0.4522,0.4522,0.4522,100,0.0,0.0,0.0
29,2021-08-04 09:30,0.4562,0.4605,0.4562,0.4605,600,0.0,0.0,0.0
30,2021-08-04 09:45,0.4617,0.4624,0.4615,0.4624,4800,0.0,0.0,0.0
31,2021-08-04 10:00,0.4615,0.4615,0.4596,0.4596,2550,0.0,0.0,0.0
32,2021-08-04 10:15,0.4617,0.4734,0.4617,0.4734,8690,0.0,0.0,0.0
33,2021-08-04 10:30,0.4726,0.4818,0.4726,0.4799,3800,0.0,0.0,0.0
34,2021-08-04 10:45,0.4769,0.4784,0.4752,0.4784,1814,0.0,0.0,0.0
35,2021-08-04 11:00,0.4795,0.4796,0.4717,0.4726,1100,0.0,0.0,0.0
36,2021-08-04 11:30,0.4694,0.4694,0.4694,0.4694,100,0.0,0.0,0.0
37,2021-08-04 11:45,0.4681,0.4681,0.4605,0.4634,700,0.0,0.0,0.0
38,2021-08-04 12:15,0.4636,0.4636,0.4634,0.4634,200,0.0,0.0,0.0
39,2021-08-04 13:30,0.4671,0.4672,0.4668,0.4668,600,0.0,0.0,0.0
40,2021-08-04 14:15,0.4625,0.4625,0.4625,0.4625,200,0.0,0.0,0.0
41,2021-08-04 14:30,0.4621,0.4621,0.461,0.461,700,0.0,0.0,0.0
42,2021-08-04 15:00,0.46,0.46,0.46,0.46,900,0.0,0.0,0.0
43,2021-08-04 15:15,0.4598,0.4598,0.4598,0.4598,600,0.0,0.0,0.0
44,2021-08-04 15:30,0.4613,0.4782,0.4613,0.4782,20499,0.0,0.0,0.0
45,2021-08-04 15:45,0.479,0.4993,0.479,0.4993,30608,0.0,0.0,0.0
46,2021-08-05 08:00,0.4859,0.4859,0.4859,0.4859,100,0.0,0.0,0.0
47,2021-08-05 08:15,0.4874,0.4874,0.4874,0.4874,500,0.0,0.0,0.0
48,2021-08-05 08:30,0.4891,0.4891,0.4891,0.4891,500,0.0,0.0,0.0
49,2021-08-05 08:45,0.4919,0.4919,0.4919,0.4919,100,0.0,0.0,0.0
50,2021-08-05 09:00,0.4861,0.4861,0.4816,0.4816,200,0.0,0.0,0.0
51,2021-08-05 09:15,0.4889,0.4889,0.4831,0.4844,1610,0.0,0.0,0.0
52,2021-08-05 09:30,0.4711,0.4774,0.4711,0.4769,1400,0.0,0.0,0.0
53,2021-08-05 09:45,0.4784,0.4844,0.4724,0.4844,4600,0.0,0.0,0.0
54,2021-08-05 10:00,0.4851,0.5038,0.485,0.5038,4100,0.0,0.0,0.0
55,2021-08-05 10:15,0.5033,0.504,0.4906,0.4906,1000,0.0,0.0,0.0
56,2021-08-05 10:30,0.4889,0.4889,0.4889,0.4889,515,0.0,0.0,0.0
57,2021-08-05 10:45,0.4821,0.4821,0.4821,0.4821,200,0.0,0.0,0.0
58,2021-08-05 11:00,0.4806,0.4901,0.4806,0.4901,1100,0.0,0.0,0.0
59,2021-08-05 11:30,0.4945,0.4948,0.4945,0.4948,300,0.0,0.0,0.0
60,2021-08-05 11:45,0.4995,0.5118,0.4995,0.5101,3900,0.0,0.0,0.0
61,2021-08-05 12:00,0.5129,0.5189,0.5129,0.5158,800,0.0,0.0,0.0
62,2021-08-05 12:15,0.505,0.505,0.5011,0.5011,2700,0.0,0.0,0.0
63,2021-08-05 12:30,0.4987,0.4987,0.4987,0.4987,100,0.0,0.0,0.0
64,2021-08-05 12:45,0.4971,0.4971,0.4914,0.4914,900,0.0,0.0,0.0
65,2021-08-05 14:15,0.4891,0.4891,0.4891,0.4891,300,0.0,0.0,0.0
66,2021-08-05 14:45,0.4852,0.4852,0.4852,0.4852,300,0.0,0.0,0.0
67,2021-08-05 15:00,0.4867,0.49,0.4867,0.49,300,0.0,0.0,0.0
68,2021-08-05 15:30,0.4751,0.4751,0.4751,0.4751,300,0.0,0.0,0.0
69,2021-08-05 15:45,0.4773,0.479,0.4773,0.479,1520,0.0,0.0,0.0
70,2021-08-06 09:00,0.4748,0.4748,0.4672,0.4672,200,0.0,0.0,0.0
71,2021-08-06 09:30,0.475,0.4759,0.4708,0.4708,1000,0.0,0.0,0.0
72,2021-08-06 09:45,0.4636,0.4636,0.4636,0.4636,100,0.0,0.0,0.0
73,2021-08-06 10:00,0.4672,0.4676,0.4657,0.4657,300,0.0,0.0,0.0
74,2021-08-06 10:45,0.4601,0.4601,0.4601,0.4601,135,0.0,0.0,0.0
75,2021-08-06 11:30,0.4601,0.4601,0.4601,0.4601,100,0.0,0.0,0.0
76,2021-08-06 14:15,0.4632,0.4632,0.4631,0.4631,385,0.0,0.0,0.0
77,2021-08-06 14:30,0.4632,0.4632,0.4632,0.4632,100,0.0,0.0,0.0
78,2021-08-06 15:00,0.4613,0.4613,0.4613,0.4613,300,0.0,0.0,0.0
79,2021-08-06 15:15,0.4597,0.4597,0.4597,0.4597,100,0.0,0.0,0.0
80,2021-08-06 15:30,0.4605,0.4605,0.4605,0.4605,100,0.0,0.0,0.0
81,2021-08-06 15:45,0.4582,0.46,0.4582,0.46,600,0.0,0.0,0.0
82,2021-08-09 09:30,0.4797,0.4797,0.4797,0.4797,100,0.0,0.0,0.0
83,2021-08-09 10:00,0.4728,0.4728,0.4703,0.4723,1300,0.0,0.0,0.0
84,2021-08-09 10:45,0.4667,0.4667,0.4666,0.4666,300,0.0,0.0,0.0
85,2021-08-09 11:00,0.4688,0.4688,0.4688,0.4688,112,0.0,0.0,0.0
86,2021-08-09 11:15,0.4699,0.4699,0.4699,0.4699,100,0.0,0.0,0.0
87,2021-08-09 11:30,0.4729,0.4734,0.4729,0.4734,300,0.0,0.0,0.0
88,2021-08-09 11:45,0.4744,0.4758,0.4744,0.4758,200,0.0,0.0,0.0
89,2021-08-09 12:15,0.4795,0.4846,0.4795,0.4846,1800,0.0,0.0,0.0
90,2021-08-09 12:30,0.4836,0.4845,0.4836,0.4839,700,0.0,0.0,0.0
91,2021-08-09 13:00,0.4819,0.4819,0.4819,0.4819,100,0.0,0.0,0.0
92,2021-08-09 13:15,0.483,0.483,0.483,0.483,400,0.0,0.0,0.0
93,2021-08-09 13:30,0.4848,0.4849,0.4835,0.4835,3793,0.0,0.0,0.0
94,2021-08-09 13:45,0.4806,0.4834,0.4806,0.4834,1100,0.0,0.0,0.0
95,2021-08-09 14:00,0.4803,0.4828,0.4803,0.4828,900,0.0,0.0,0.0
96,2021-08-09 14:15,0.48,0.4801,0.48,0.4801,600,0.0,0.0,0.0
97,2021-08-09 14:30,0.4793,0.4815,0.4793,0.4815,700,0.0,0.0,0.0
98,2021-08-09 14:45,0.4774,0.48,0.4774,0.48,1100,0.0,0.0,0.0
99,2021-08-09 15:15,0.4838,0.4838,0.4838,0.4838,272,0.0,0.0,0.0
100,2021-08-09 15:30,0.4802,0.4802,0.4787,0.4787,800,0.0,0.0,0.0
101,2021-08-09 15:45,0.4798,0.48,0.4784,0.48,2733,0.0,0.0,0.0
102,2021-08-10 09:30,0.4848,0.4848,0.4848,0.4848,100,0.0,0.0,0.0
103,2021-08-10 10:30,0.4756,0.4756,0.4756,0.4756,200,0.0,0.0,0.0
104,2021-08-10 11:00,0.4705,0.4705,0.4705,0.4705,200,0.0,0.0,0.0
105,2021-08-10 11:30,0.4731,0.4731,0.4731,0.4731,400,0.0,0.0,0.0
106,2021-08-10 11:45,0.473,0.4779,0.4728,0.4779,2000,0.0,0.0,0.0
107,2021-08-10 12:15,0.4801,0.4801,0.4801,0.4801,100,0.0,0.0,0.0
108,2021-08-10 13:30,0.4786,0.4786,0.4786,0.4786,1000,0.0,0.0,0.0
109,2021-08-10 15:00,0.4777,0.4777,0.4777,0.4777,100,0.0,0.0,0.0
110,2021-08-10 15:15,0.4755,0.4755,0.4755,0.4755,300,0.0,0.0,0.0
111,2021-08-10 15:30,0.475,0.4798,0.475,0.4798,3200,0.0,0.0,0.0
112,2021-08-10 15:45,0.4766,0.4788,0.4766,0.4784,2381,0.0,0.0,0.0
113,2021-08-11 09:30,0.468,0.468,0.468,0.468,600,0.0,0.0,0.0
114,2021-08-11 10:00,0.47,0.47,0.47,0.47,300,0.0,0.0,0.0
115,2021-08-11 10:15,0.4684,0.4684,0.4684,0.4684,400,0.0,0.0,0.0
116,2021-08-11 11:00,0.4652,0.4655,0.4652,0.4655,500,0.0,0.0,0.0
117,2021-08-11 11:15,0.4622,0.4622,0.4622,0.4622,106,0.0,0.0,0.0
118,2021-08-11 11:45,0.462,0.462,0.462,0.462,1000,0.0,0.0,0.0
119,2021-08-11 12:45,0.471,0.471,0.471,0.471,200,0.0,0.0,0.0
120,2021-08-11 13:00,0.471,0.471,0.471,0.471,1200,0.0,0.0,0.0
121,2021-08-11 14:15,0.4695,0.471,0.4695,0.471,1440,0.0,0.0,0.0
122,2021-08-11 14:30,0.4709,0.4709,0.4687,0.4687,200,0.0,0.0,0.0
123,2021-08-11 14:45,0.4714,0.4716,0.4714,0.4716,800,0.0,0.0,0.0
124,2021-08-11 15:15,0.4694,0.4694,0.4694,0.4694,300,0.0,0.0,0.0
125,2021-08-11 15:45,0.4674,0.4674,0.4674,0.4674,300,0.0,0.0,0.0
126,2021-08-12 10:00,0.4572,0.4572,0.4572,0.4572,800,0.0,0.0,0.0
127,2021-08-12 11:30,0.4507,0.4507,0.4506,0.4506,200,0.0,0.0,0.0
128,2021-08-12 11:45,0.4502,0.4502,0.4502,0.4502,100,0.0,0.0,0.0
129,2021-08-12 12:30,0.4515,0.4515,0.4515,0.4515,200,0.0,0.0,0.0
130,2021-08-12 14:00,0.4502,0.4502,0.4502,0.4502,800,0.0,0.0,0.0
131,2021-08-13 09:45,0.4388,0.4388,0.4388,0.4388,100,0.0,0.0,0.0
132,2021-08-13 10:00,0.4372,0.4384,0.4372,0.4384,400,0.0,0.0,0.0
133,2021-08-13 10:15,0.4384,0.4384,0.4372,0.4372,600,0.0,0.0,0.0
134,2021-08-13 10:30,0.4366,0.4366,0.4366,0.4366,100,0.0,0.0,0.0
135,2021-08-13 11:00,0.4396,0.4431,0.4396,0.4431,3500,0.0,0.0,0.0
136,2021-08-13 14:30,0.4367,0.4367,0.4367,0.4367,200,0.0,0.0,0.0
137,2021-08-13 15:45,0.4344,0.4344,0.4344,0.4344,200,0.0,0.0,0.0
138,2021-08-16 09:45,0.4166,0.4166,0.4124,0.4124,500,0.0,0.0,0.0
139,2021-08-16 10:00,0.4124,0.4143,0.4117,0.4143,500,0.0,0.0,0.0
140,2021-08-16 10:15,0.4117,0.4129,0.4045,0.4066,2400,0.0,0.0,0.0
141,2021-08-16 10:30,0.4038,0.4038,0.3942,0.399,4301,0.0,0.0,0.0
142,2021-08-16 10:45,0.3988,0.4066,0.3975,0.4066,5420,0.0,0.0,0.0
143,2021-08-16 11:00,0.4066,0.4081,0.3993,0.3999,4920,0.0,0.0,0.0
144,2021-08-16 11:15,0.4068,0.4099,0.4043,0.4074,3300,0.0,0.0,0.0
145,2021-08-16 11:30,0.4034,0.4072,0.4,0.4025,1400,0.0,0.0,0.0
146,2021-08-16 11:45,0.4025,0.4025,0.4007,0.4011,3800,0.0,0.0,0.0
147,2021-08-16 12:00,0.4001,0.4001,0.4001,0.4001,1100,0.0,0.0,0.0
148,2021-08-16 12:15,0.4004,0.4004,0.3999,0.3999,300,0.0,0.0,0.0
149,2021-08-16 12:30,0.4001,0.4001,0.4,0.4,300,0.0,0.0,0.0
150,2021-08-16 12:45,0.3973,0.3973,0.3971,0.3971,400,0.0,0.0,0.0
151,2021-08-16 13:00,0.3971,0.3971,0.3971,0.3971,100,0.0,0.0,0.0
152,2021-08-16 13:15,0.3969,0.3998,0.3969,0.3995,400,0.0,0.0,0.0
153,2021-08-16 13:30,0.4,0.4,0.3999,0.3999,1200,0.0,0.0,0.0
154,2021-08-16 13:45,0.4006,0.4006,0.4005,0.4005,2400,0.0,0.0,0.0
155,2021-08-16 14:00,0.3963,0.397,0.3963,0.397,400,0.0,0.0,0.0
156,2021-08-16 14:15,0.3965,0.3985,0.3965,0.398,525,0.0,0.0,0.0
157,2021-08-16 14:30,0.3986,0.3986,0.3983,0.3983,2100,0.0,0.0,0.0
158,2021-08-16 14:45,0.3983,0.3984,0.3979,0.3984,2500,0.0,0.0,0.0
159,2021-08-16 15:00,0.3981,0.4007,0.3981,0.4007,868,0.0,0.0,0.0
160,2021-08-16 15:15,0.4018,0.4018,0.4,0.4001,3400,0.0,0.0,0.0
161,2021-08-16 15:30,0.3988,0.3988,0.3973,0.3977,1176,0.0,0.0,0.0
162,2021-08-16 15:45,0.3975,0.398,0.3926,0.3926,4143,0.0,0.0,0.0
163,2021-08-17 08:45,0.3959,0.3977,0.3959,0.3977,1000,0.0,0.0,0.0
164,2021-08-17 09:30,0.395,0.395,0.395,0.395,200,0.0,0.0,0.0
165,2021-08-17 10:15,0.377,0.377,0.377,0.377,300,0.0,0.0,0.0
166,2021-08-17 10:30,0.3785,0.3794,0.378,0.3794,2900,0.0,0.0,0.0
167,2021-08-17 10:45,0.3793,0.3793,0.3772,0.3781,1500,0.0,0.0,0.0
168,2021-08-17 11:00,0.3801,0.3815,0.3792,0.3792,2000,0.0,0.0,0.0
169,2021-08-17 11:15,0.3787,0.38,0.3787,0.38,500,0.0,0.0,0.0
170,2021-08-17 11:30,0.3797,0.3799,0.3797,0.3799,200,0.0,0.0,0.0
171,2021-08-17 11:45,0.3777,0.3794,0.3777,0.3794,700,0.0,0.0,0.0
172,2021-08-17 12:00,0.3799,0.38,0.3799,0.38,1200,0.0,0.0,0.0
173,2021-08-17 12:15,0.3776,0.3776,0.3776,0.3776,100,0.0,0.0,0.0
174,2021-08-17 12:30,0.3771,0.3771,0.3771,0.3771,100,0.0,0.0,0.0
175,2021-08-17 13:00,0.3794,0.3794,0.3794,0.3794,200,0.0,0.0,0.0
176,2021-08-17 13:15,0.378,0.378,0.378,0.378,100,0.0,0.0,0.0
177,2021-08-17 13:45,0.3773,0.3773,0.3773,0.3773,200,0.0,0.0,0.0
178,2021-08-17 14:00,0.3774,0.3774,0.3774,0.3774,200,0.0,0.0,0.0
179,2021-08-17 14:30,0.3772,0.3772,0.3772,0.3772,429,0.0,0.0,0.0
180,2021-08-17 14:45,0.3772,0.378,0.3764,0.378,300,0.0,0.0,0.0
181,2021-08-17 15:00,0.379,0.379,0.3788,0.3788,500,0.0,0.0,0.0
182,2021-08-17 15:15,0.3784,0.3789,0.3716,0.3716,900,0.0,0.0,0.0
183,2021-08-17 15:30,0.3738,0.3738,0.3714,0.3714,300,0.0,0.0,0.0
184,2021-08-17 15:45,0.3724,0.3755,0.3724,0.3755,2850,0.0,0.0,0.0
185,2021-08-18 10:00,0.3736,0.3736,0.3736,0.3736,100,0.0,0.0,0.0
186,2021-08-18 10:30,0.376,0.3765,0.376,0.3765,200,0.0,0.0,0.0
187,2021-08-18 10:45,0.3778,0.381,0.3778,0.3801,1300,0.0,0.0,0.0
188,2021-08-18 11:00,0.3811,0.3812,0.38,0.3803,1000,0.0,0.0,0.0
189,2021-08-18 11:15,0.3801,0.3801,0.3756,0.3756,600,0.0,0.0,0.0
190,2021-08-18 11:30,0.3771,0.3781,0.3762,0.3781,1000,0.0,0.0,0.0
191,2021-08-18 11:45,0.3781,0.3781,0.3781,0.3781,200,0.0,0.0,0.0
192,2021-08-18 12:30,0.3807,0.3807,0.3807,0.3807,200,0.0,0.0,0.0
193,2021-08-18 12:45,0.385,0.385,0.385,0.385,100,0.0,0.0,0.0
194,2021-08-18 13:00,0.3812,0.3814,0.3812,0.3814,600,0.0,0.0,0.0
195,2021-08-18 13:45,0.3815,0.3815,0.3815,0.3815,200,0.0,0.0,0.0
196,2021-08-18 14:00,0.3825,0.3825,0.3825,0.3825,100,0.0,0.0,0.0
197,2021-08-18 15:45,0.3752,0.3752,0.3752,0.3752,300,0.0,0.0,0.0
198,2021-08-19 09:30,0.3699,0.3699,0.3699,0.3699,100,0.0,0.0,0.0
199,2021-08-19 10:15,0.3651,0.3651,0.3606,0.3606,400,0.0,0.0,0.0
200,2021-08-19 10:30,0.3616,0.3616,0.3575,0.3575,400,0.0,0.0,0.0
201,2021-08-19 10:45,0.3551,0.3551,0.3551,0.3551,200,0.0,0.0,0.0
202,2021-08-19 11:30,0.3571,0.3571,0.3491,0.3493,4700,0.0,0.0,0.0
203,2021-08-19 12:15,0.3486,0.3486,0.3486,0.3486,100,0.0,0.0,0.0
204,2021-08-19 12:30,0.355,0.355,0.355,0.355,200,0.0,0.0,0.0
205,2021-08-19 14:15,0.3458,0.3458,0.3426,0.3426,500,0.0,0.0,0.0
206,2021-08-19 14:30,0.3402,0.3419,0.3385,0.3385,3901,0.0,0.0,0.0
207,2021-08-19 14:45,0.3388,0.3427,0.3388,0.3418,1600,0.0,0.0,0.0
208,2021-08-19 15:00,0.3455,0.3456,0.3419,0.3419,1200,0.0,0.0,0.0
209,2021-08-19 15:15,0.3456,0.3456,0.3441,0.3441,500,0.0,0.0,0.0
210,2021-08-19 15:30,0.3434,0.3434,0.342,0.3428,5000,0.0,0.0,0.0
211,2021-08-20 08:00,0.3404,0.3404,0.3404,0.3404,160,0.0,0.0,0.0
212,2021-08-20 10:30,0.3442,0.3442,0.3442,0.3442,1300,0.0,0.0,0.0
213,2021-08-20 11:15,0.3468,0.3488,0.3468,0.3488,1400,0.0,0.0,0.0
214,2021-08-20 11:45,0.3434,0.3446,0.3434,0.3446,645,0.0,0.0,0.0
215,2021-08-20 12:00,0.3478,0.3478,0.345,0.345,1200,0.0,0.0,0.0
216,2021-08-20 12:30,0.3469,0.3548,0.3469,0.3548,1830,0.0,0.0,0.0
217,2021-08-20 12:45,0.3598,0.3598,0.3598,0.3598,1200,0.0,0.0,0.0
218,2021-08-20 13:00,0.36,0.36,0.3591,0.3591,3128,0.0,0.0,0.0
219,2021-08-20 14:45,0.3557,0.3557,0.3557,0.3557,1400,0.0,0.0,0.0
220,2021-08-20 15:45,0.3545,0.3545,0.3515,0.3543,2995,0.0,0.0,0.0
221,2021-08-23 10:00,0.3774,0.3774,0.3774,0.3774,200,0.0,0.0,0.0
222,2021-08-23 12:30,0.3927,0.3927,0.3927,0.3927,1100,0.0,0.0,0.0
223,2021-08-23 12:45,0.383,0.383,0.383,0.383,148,0.0,0.0,0.0
224,2021-08-23 13:15,0.3853,0.3854,0.3853,0.3854,1122,0.0,0.0,0.0
225,2021-08-23 13:30,0.38,0.38,0.38,0.38,200,0.0,0.0,0.0
226,2021-08-23 14:30,0.3812,0.3812,0.3812,0.3812,300,0.0,0.0,0.0
227,2021-08-23 14:45,0.3822,0.3822,0.3822,0.3822,1000,0.0,0.0,0.0
228,2021-08-23 15:30,0.3819,0.3825,0.3819,0.3825,298,0.0,0.0,0.0
229,2021-08-23 15:45,0.3825,0.3881,0.3825,0.3881,3310,0.0,0.0,0.0
230,2021-08-24 08:45,0.42,0.42,0.42,0.42,500,0.0,0.0,0.0
231,2021-08-24 09:30,0.4304,0.4334,0.4304,0.4334,300,0.0,0.0,0.0
232,2021-08-24 09:45,0.405,0.405,0.405,0.405,1597,0.0,0.0,0.0
233,2021-08-24 10:00,0.404,0.404,0.3995,0.3995,200,0.0,0.0,0.0
234,2021-08-24 10:30,0.4044,0.4044,0.4044,0.4044,100,0.0,0.0,0.0
235,2021-08-24 11:00,0.395,0.3965,0.395,0.3965,200,0.0,0.0,0.0
236,2021-08-24 11:15,0.394,0.394,0.394,0.394,100,0.0,0.0,0.0
237,2021-08-24 11:30,0.3938,0.3943,0.3938,0.3943,400,0.0,0.0,0.0
238,2021-08-24 11:45,0.3944,0.3944,0.3923,0.3923,600,0.0,0.0,0.0
239,2021-08-24 12:00,0.3923,0.3923,0.3899,0.3899,300,0.0,0.0,0.0
240,2021-08-24 12:45,0.3915,0.3932,0.3915,0.3932,2200,0.0,0.0,0.0
241,2021-08-24 14:15,0.3938,0.3938,0.3896,0.3896,400,0.0,0.0,0.0
242,2021-08-24 15:15,0.3912,0.3912,0.3912,0.3912,300,0.0,0.0,0.0
243,2021-08-24 15:30,0.3891,0.3904,0.3891,0.3904,1400,0.0,0.0,0.0
244,2021-08-24 15:45,0.3903,0.3906,0.3894,0.3894,12800,0.0,0.0,0.0
245,2021-08-25 10:00,0.4036,0.4036,0.4036,0.4036,100,0.0,0.0,0.0
246,2021-08-25 10:15,0.4024,0.4024,0.4024,0.4024,100,0.0,0.0,0.0
247,2021-08-25 10:30,0.405,0.405,0.405,0.405,200,0.0,0.0,0.0
248,2021-08-25 11:30,0.4105,0.4105,0.4105,0.4105,200,0.0,0.0,0.0
249,2021-08-25 11:45,0.4119,0.413,0.4119,0.413,800,0.0,0.0,0.0
250,2021-08-25 12:00,0.4176,0.4176,0.4176,0.4176,301,0.0,0.0,0.0
251,2021-08-25 13:00,0.4099,0.4099,0.4099,0.4099,1300,0.0,0.0,0.0
252,2021-08-25 13:15,0.4109,0.4144,0.4109,0.4144,500,1.0,4.0,1.0
253,2021-08-25 15:30,0.4108,0.4108,0.4108,0.4108,100,0.0,0.0,0.0
254,2021-08-25 15:45,0.4109,0.4109,0.408,0.408,2300,0.0,0.0,0.0
255,2021-08-26 09:30,0.4101,0.4101,0.4021,0.4021,600,0.0,0.0,0.0
256,2021-08-26 10:00,0.4111,0.4144,0.4111,0.414,2100,0.0,0.0,0.0
257,2021-08-26 10:15,0.415,0.415,0.415,0.415,200,0.0,0.0,0.0
258,2021-08-26 12:15,0.418,0.4235,0.418,0.4235,1200,0.0,0.0,0.0
259,2021-08-26 12:30,0.4238,0.427,0.4238,0.427,400,0.0,0.0,0.0
260,2021-08-26 12:45,0.4308,0.4308,0.4289,0.4289,1675,0.0,0.0,0.0
261,2021-08-26 13:00,0.4291,0.4359,0.4291,0.4359,2200,0.0,0.0,0.0
262,2021-08-26 13:15,0.4355,0.451,0.4355,0.451,2100,0.0,0.0,0.0
263,2021-08-26 13:45,0.4422,0.4436,0.4422,0.4436,400,0.0,0.0,0.0
264,2021-08-26 14:00,0.445,0.46,0.445,0.4565,1200,0.0,0.0,0.0
265,2021-08-26 14:15,0.4455,0.4459,0.4455,0.4459,1300,0.0,0.0,0.0
266,2021-08-26 14:30,0.4507,0.4529,0.4507,0.4529,1700,0.0,0.0,0.0
267,2021-08-26 14:45,0.456,0.459,0.456,0.459,900,0.0,0.0,0.0
268,2021-08-26 15:00,0.4569,0.463,0.4569,0.463,3000,0.0,0.0,0.0
269,2021-08-26 15:15,0.458,0.4608,0.458,0.4608,900,0.0,0.0,0.0
270,2021-08-26 15:30,0.457,0.457,0.4518,0.4535,4500,0.0,0.0,0.0
271,2021-08-26 15:45,0.4548,0.4619,0.4533,0.4584,10239,0.0,0.0,0.0
272,2021-08-27 09:30,0.4759,0.4803,0.4759,0.4803,2700,0.0,0.0,0.0
273,2021-08-27 09:45,0.4806,0.4836,0.4806,0.4829,2200,0.0,0.0,0.0
274,2021-08-27 10:30,0.4759,0.4759,0.4759,0.4759,100,0.0,0.0,0.0
275,2021-08-27 10:45,0.4774,0.4774,0.4774,0.4774,950,0.0,0.0,0.0
276,2021-08-27 11:00,0.4809,0.4809,0.4807,0.4808,400,0.0,0.0,0.0
277,2021-08-27 11:15,0.4835,0.4847,0.4834,0.4847,800,0.0,0.0,0.0
278,2021-08-27 11:30,0.49,0.49,0.49,0.49,1100,0.0,0.0,0.0
279,2021-08-27 11:45,0.4904,0.4937,0.4904,0.4937,800,0.0,0.0,0.0
280,2021-08-27 12:30,0.499,0.4998,0.499,0.4998,1100,0.0,0.0,0.0
281,2021-08-27 12:45,0.4999,0.5127,0.4999,0.5127,2000,0.0,0.0,0.0
282,2021-08-27 13:00,0.5112,0.5158,0.5112,0.5144,1700,0.0,0.0,0.0
283,2021-08-27 13:15,0.5139,0.52,0.5139,0.52,1400,0.0,0.0,0.0
284,2021-08-27 13:30,0.5021,0.5021,0.5021,0.5021,200,0.0,0.0,0.0
285,2021-08-27 13:45,0.501,0.5076,0.501,0.5065,2000,0.0,0.0,0.0
286,2021-08-27 14:00,0.5061,0.5069,0.5061,0.5069,1100,0.0,0.0,0.0
287,2021-08-27 15:00,0.5045,0.5045,0.5045,0.5045,200,0.0,0.0,0.0
288,2021-08-27 15:30,0.5069,0.5069,0.4983,0.5003,25444,0.0,0.0,0.0
289,2021-08-27 15:45,0.503,0.5036,0.4969,0.4969,9403,0.0,0.0,0.0
290,2021-08-30 09:30,0.531,0.533,0.5179,0.5189,2866,0.0,0.0,0.0
291,2021-08-30 09:45,0.5199,0.5273,0.5199,0.5273,843,0.0,0.0,0.0
292,2021-08-30 10:00,0.5271,0.5283,0.5271,0.5283,1000,0.0,0.0,0.0
293,2021-08-30 10:15,0.5198,0.5198,0.5179,0.5179,200,0.0,0.0,0.0
294,2021-08-30 10:30,0.5185,0.5196,0.5181,0.5181,1000,0.0,0.0,0.0
295,2021-08-30 10:45,0.5204,0.5218,0.5204,0.5218,1500,0.0,0.0,0.0
296,2021-08-30 11:00,0.529,0.5293,0.5267,0.5269,2400,0.0,0.0,0.0
297,2021-08-30 11:15,0.5272,0.53,0.527,0.527,1600,0.0,0.0,0.0
298,2021-08-30 11:30,0.5327,0.5333,0.5327,0.5332,1000,0.0,0.0,0.0
299,2021-08-30 11:45,0.5387,0.5595,0.5387,0.5595,2200,0.0,0.0,0.0
300,2021-08-30 12:00,0.5619,0.5648,0.5593,0.5593,1600,0.0,0.0,0.0
301,2021-08-30 12:15,0.5649,0.5649,0.5649,0.5649,1500,0.0,0.0,0.0
302,2021-08-30 14:00,0.5361,0.5405,0.5354,0.5379,2200,0.0,0.0,0.0
303,2021-08-30 14:30,0.5345,0.5345,0.5345,0.5345,200,0.0,0.0,0.0
304,2021-08-30 14:45,0.5488,0.5488,0.5488,0.5488,200,0.0,0.0,0.0
305,2021-08-30 15:00,0.547,0.5485,0.5469,0.5485,500,0.0,0.0,0.0
306,2021-08-30 15:15,0.55,0.55,0.5475,0.5475,400,0.0,0.0,0.0
307,2021-08-30 15:30,0.5472,0.5488,0.5434,0.5464,5343,0.0,0.0,0.0
308,2021-08-30 15:45,0.5464,0.5475,0.5441,0.545,13000,0.0,0.0,0.0
309,2021-08-31 09:45,0.4814,0.4814,0.4814,0.4814,500,0.0,0.0,0.0
310,2021-08-31 10:00,0.4981,0.5063,0.4981,0.5063,300,0.0,0.0,0.0
311,2021-08-31 10:15,0.5056,0.5056,0.5056,0.5056,100,0.0,0.0,0.0
312,2021-08-31 10:30,0.5143,0.5143,0.5103,0.5103,900,0.0,0.0,0.0
313,2021-08-31 10:45,0.5042,0.5043,0.4967,0.4967,1591,0.0,0.0,0.0
314,2021-08-31 11:00,0.4959,0.503,0.4959,0.5011,3200,0.0,0.0,0.0
315,2021-08-31 11:15,0.5005,0.5009,0.498,0.498,300,0.0,0.0,0.0
316,2021-08-31 11:30,0.4913,0.4931,0.491,0.4931,600,0.0,0.0,0.0
317,2021-08-31 11:45,0.4918,0.4929,0.4918,0.4929,600,0.0,0.0,0.0
318,2021-08-31 12:00,0.4901,0.4915,0.4901,0.4911,800,0.0,0.0,0.0
319,2021-08-31 12:15,0.4912,0.4912,0.4912,0.4912,100,0.0,0.0,0.0
320,2021-08-31 12:30,0.494,0.494,0.4934,0.4934,1600,0.0,0.0,0.0
321,2021-08-31 12:45,0.4935,0.4986,0.4935,0.4976,1700,0.0,0.0,0.0
322,2021-08-31 13:00,0.5033,0.5048,0.5033,0.5048,600,0.0,0.0,0.0
323,2021-08-31 13:15,0.5063,0.5066,0.5063,0.5066,1000,0.0,0.0,0.0
324,2021-08-31 13:45,0.5067,0.5128,0.5067,0.5128,1400,0.0,0.0,0.0
325,2021-08-31 14:00,0.5142,0.5142,0.5142,0.5142,150,0.0,0.0,0.0
326,2021-08-31 14:15,0.5148,0.5159,0.5148,0.5159,1923,0.0,0.0,0.0
327,2021-08-31 14:30,0.5062,0.5063,0.5062,0.5063,300,0.0,0.0,0.0
328,2021-08-31 14:45,0.5053,0.5053,0.5053,0.5053,200,0.0,0.0,0.0
329,2021-08-31 15:15,0.501,0.5028,0.501,0.5028,1100,0.0,0.0,0.0
330,2021-08-31 15:30,0.5026,0.5033,0.5002,0.5022,4600,0.0,0.0,0.0
331,2021-08-31 15:45,0.5016,0.5018,0.5011,0.5018,700,0.0,0.0,0.0
332,2021-09-01 09:00,0.49,0.49,0.49,0.49,1000,0.0,0.0,0.0
333,2021-09-01 09:30,0.4912,0.494,0.4912,0.494,201,0.0,0.0,0.0
334,2021-09-01 09:45,0.4825,0.4895,0.4811,0.4895,1765,0.0,0.0,0.0
335,2021-09-01 10:00,0.484,0.484,0.484,0.484,600,0.0,0.0,0.0
336,2021-09-01 10:15,0.48,0.48,0.48,0.48,650,0.0,0.0,0.0
337,2021-09-01 10:30,0.4799,0.4827,0.4799,0.4827,4212,0.0,0.0,0.0
338,2021-09-01 10:45,0.4838,0.4838,0.4815,0.4815,2300,0.0,0.0,0.0
339,2021-09-01 11:00,0.4762,0.4762,0.4762,0.4762,5000,0.0,0.0,0.0
340,2021-09-01 11:15,0.4687,0.4691,0.4687,0.4691,200,0.0,0.0,0.0
341,2021-09-01 11:45,0.4661,0.4661,0.4653,0.4653,200,0.0,0.0,0.0
342,2021-09-01 12:00,0.4651,0.4651,0.4651,0.4651,100,0.0,0.0,0.0
343,2021-09-01 12:15,0.4725,0.4881,0.4719,0.4881,700,0.0,0.0,0.0
344,2021-09-01 12:30,0.4866,0.4866,0.4866,0.4866,100,0.0,0.0,0.0
345,2021-09-01 13:15,0.49,0.4925,0.49,0.4925,2200,0.0,0.0,0.0
346,2021-09-01 13:30,0.491,0.4969,0.491,0.4969,2900,0.0,0.0,0.0
347,2021-09-01 13:45,0.5077,0.595,0.5077,0.595,17671,0.0,0.0,0.0
348,2021-09-01 14:00,0.5867,0.6578,0.5827,0.6202,13495,0.0,0.0,0.0
349,2021-09-01 14:15,0.6162,0.6501,0.5954,0.6429,11067,0.0,0.0,0.0
350,2021-09-01 14:30,0.6372,0.6381,0.6111,0.62,12083,0.0,0.0,0.0
351,2021-09-01 14:45,0.6116,0.63,0.6,0.63,8014,0.0,0.0,0.0
352,2021-09-01 15:00,0.6393,0.6436,0.6294,0.63,8720,0.0,0.0,0.0
353,2021-09-01 15:15,0.6332,0.678,0.6302,0.6746,30469,0.0,0.0,0.0
354,2021-09-01 15:30,0.6743,0.6743,0.6343,0.654,34608,0.0,0.0,0.0
355,2021-09-01 15:45,0.6503,0.6503,0.6363,0.6483,35492,0.0,0.0,0.0
356,2021-09-01 16:45,0.6229,0.6339,0.6201,0.6333,8242,0.0,0.0,0.0
357,2021-09-02 09:30,0.7043,0.7195,0.69,0.6974,5981,0.0,0.0,0.0
358,2021-09-02 09:45,0.6981,0.739,0.695,0.731,2702,0.0,0.0,0.0
359,2021-09-02 10:00,0.7305,0.7628,0.73,0.748,7835,0.0,0.0,0.0
360,2021-09-02 10:15,0.7342,0.743,0.72,0.731,2068,0.0,0.0,0.0
361,2021-09-02 10:30,0.7321,0.7321,0.7131,0.7138,6100,0.0,0.0,0.0
362,2021-09-02 10:45,0.7186,0.7224,0.715,0.715,1605,0.0,0.0,0.0
363,2021-09-02 11:00,0.7108,0.7108,0.7055,0.7055,644,0.0,0.0,0.0
364,2021-09-02 11:15,0.7266,0.7334,0.7201,0.7283,17489,0.0,0.0,0.0
365,2021-09-02 11:30,0.7221,0.724,0.72,0.724,1500,0.0,0.0,0.0
366,2021-09-02 11:45,0.7138,0.7145,0.7138,0.7142,6952,0.0,0.0,0.0
367,2021-09-02 12:00,0.7159,0.7159,0.7058,0.7066,1355,0.0,0.0,0.0
368,2021-09-02 12:15,0.7083,0.7083,0.6865,0.6895,5405,0.0,0.0,0.0
369,2021-09-02 12:30,0.6971,0.6995,0.695,0.6995,2800,0.0,0.0,0.0
370,2021-09-02 12:45,0.7059,0.7082,0.7059,0.7082,5000,0.0,0.0,0.0
371,2021-09-02 13:00,0.712,0.7239,0.712,0.7239,1300,0.0,0.0,0.0
372,2021-09-02 13:45,0.7024,0.7024,0.7024,0.7024,1000,0.0,0.0,0.0
373,2021-09-02 14:00,0.7088,0.7089,0.708,0.708,800,0.0,0.0,0.0
374,2021-09-02 14:15,0.7003,0.702,0.7003,0.702,600,0.0,0.0,0.0
375,2021-09-02 14:30,0.6945,0.6965,0.6931,0.6965,23900,0.0,0.0,0.0
376,2021-09-02 14:45,0.6965,0.6981,0.6906,0.6981,2405,0.0,0.0,0.0
377,2021-09-02 15:00,0.7045,0.7045,0.7045,0.7045,100,0.0,0.0,0.0
378,2021-09-02 15:15,0.7012,0.7079,0.7012,0.7079,1000,2.0,3.0,2.0
379,2021-09-02 15:30,0.7018,0.717,0.7003,0.7079,29700,0.0,0.0,0.0
380,2021-09-02 15:45,0.7067,0.7083,0.6929,0.695,15698,0.0,0.0,0.0
381,2021-09-03 09:30,0.6749,0.6792,0.6736,0.6781,1300,0.0,0.0,0.0
382,2021-09-03 09:45,0.7074,0.7149,0.7074,0.7149,900,0.0,0.0,0.0
383,2021-09-03 10:15,0.6877,0.6898,0.6863,0.6863,700,0.0,0.0,0.0
384,2021-09-03 11:00,0.69,0.6931,0.69,0.6931,600,0.0,0.0,0.0
385,2021-09-03 11:30,0.6848,0.6848,0.6848,0.6848,200,0.0,0.0,0.0
386,2021-09-03 11:45,0.695,0.71,0.695,0.71,2200,0.0,0.0,0.0
387,2021-09-03 12:00,0.7136,0.7193,0.7136,0.7193,3300,0.0,0.0,0.0
388,2021-09-03 12:15,0.7132,0.7132,0.7033,0.7033,1816,0.0,0.0,0.0
389,2021-09-03 12:30,0.712,0.7301,0.712,0.7301,9200,0.0,0.0,0.0
390,2021-09-03 12:45,0.7445,0.7446,0.7445,0.7446,1200,0.0,0.0,0.0
391,2021-09-03 13:00,0.7493,0.7647,0.7493,0.7647,2900,0.0,0.0,0.0
392,2021-09-03 13:15,0.7583,0.8081,0.7573,0.8,9800,0.0,0.0,0.0
393,2021-09-03 13:30,0.79,0.82,0.7844,0.82,11396,2.0,4.0,2.0
394,2021-09-03 13:45,0.7976,0.8426,0.7976,0.8419,8740,0.0,0.0,0.0
395,2021-09-03 14:00,0.8472,0.9125,0.8472,0.8855,22055,0.0,0.0,0.0
396,2021-09-03 14:15,0.8973,0.9101,0.865,0.8898,7702,0.0,0.0,0.0
397,2021-09-03 14:30,0.8888,0.8957,0.8645,0.8944,2016,0.0,0.0,0.0
398,2021-09-03 14:45,0.8883,0.8894,0.8641,0.8761,1500,0.0,0.0,0.0
399,2021-09-03 15:00,0.8921,0.915,0.8814,0.9,7700,0.0,0.0,0.0
400,2021-09-03 15:15,0.8914,0.8982,0.8818,0.883,4783,0.0,0.0,0.0
401,2021-09-03 15:30,0.8799,0.889,0.8424,0.8458,30018,0.0,0.0,0.0
402,2021-09-03 15:45,0.8445,0.8445,0.8033,0.8152,67192,0.0,0.0,0.0
403,2021-09-07 09:30,0.99,1.03,0.9389,1.02,35261,0.0,0.0,0.0
404,2021-09-07 09:45,1.015,1.03,0.9232,0.9232,74620,0.0,0.0,0.0
405,2021-09-07 10:00,0.9259,0.9575,0.9259,0.9507,7211,0.0,0.0,0.0
406,2021-09-07 10:15,0.9501,0.9926,0.9453,0.9863,36951,0.0,0.0,0.0
407,2021-09-07 10:30,0.9864,1.01,0.9844,0.9915,17984,0.0,0.0,0.0
408,2021-09-07 10:45,1.01,1.01,0.97,0.97,10733,0.0,0.0,0.0
409,2021-09-07 11:00,0.9518,0.9518,0.9431,0.9431,400,0.0,0.0,0.0
410,2021-09-07 11:15,0.9445,0.9445,0.9078,0.9255,25239,0.0,0.0,0.0
411,2021-09-07 11:30,0.923,0.9483,0.923,0.9483,3898,0.0,0.0,0.0
412,2021-09-07 11:45,0.9382,0.9549,0.9379,0.952,2200,0.0,0.0,0.0
413,2021-09-07 12:00,0.9504,0.9504,0.933,0.9428,2814,0.0,0.0,0.0
414,2021-09-07 12:15,0.9229,0.923,0.9151,0.921,6402,0.0,0.0,0.0
415,2021-09-07 12:30,0.92,0.9297,0.9189,0.9297,800,0.0,0.0,0.0
416,2021-09-07 12:45,0.9353,0.9353,0.9319,0.9319,207,0.0,0.0,0.0
417,2021-09-07 13:00,0.92,0.92,0.915,0.92,5230,0.0,0.0,0.0
418,2021-09-07 13:15,0.9234,0.9248,0.9234,0.9248,800,0.0,0.0,0.0
419,2021-09-07 13:30,0.912,0.912,0.88,0.894,29868,0.0,0.0,0.0
420,2021-09-07 13:45,0.8787,0.9149,0.8555,0.913,22726,2.0,2.0,2.0
421,2021-09-07 14:00,0.9274,0.94,0.9274,0.928,1821,0.0,0.0,0.0
422,2021-09-07 14:15,0.9435,0.9515,0.9319,0.9515,7357,0.0,0.0,0.0
423,2021-09-07 14:30,0.956,0.96,0.9444,0.9599,9444,0.0,0.0,0.0
424,2021-09-07 14:45,0.9512,0.962,0.9512,0.962,300,1.0,3.0,1.0
425,2021-09-07 15:00,0.9412,0.9412,0.9233,0.9251,12303,0.0,0.0,0.0
426,2021-09-07 15:15,0.9285,0.9596,0.9285,0.956,13742,0.0,0.0,0.0
427,2021-09-07 15:30,0.9514,0.9685,0.946,0.9675,17852,0.0,0.0,0.0
428,2021-09-07 15:45,0.962,0.98,0.9549,0.98,28261,0.0,0.0,0.0
429,2021-09-08 09:30,0.9,0.9394,0.881,0.9374,9585,0.0,0.0,0.0
430,2021-09-08 09:45,0.9578,0.9779,0.948,0.971,19779,0.0,0.0,0.0
431,2021-09-08 10:00,0.9702,0.9702,0.921,0.9211,6595,0.0,0.0,0.0
432,2021-09-08 10:15,0.94,0.9486,0.9209,0.9209,1900,0.0,0.0,0.0
433,2021-09-08 10:30,0.9223,0.9223,0.8908,0.9028,8597,0.0,0.0,0.0
434,2021-09-08 10:45,0.8922,0.912,0.8903,0.912,7711,0.0,0.0,0.0
435,2021-09-08 11:00,0.9347,0.9347,0.9347,0.9347,300,0.0,0.0,0.0
436,2021-09-08 11:15,0.9412,0.9412,0.9311,0.9311,393,0.0,0.0,0.0
437,2021-09-08 11:45,0.915,0.9578,0.915,0.9578,1701,0.0,0.0,0.0
438,2021-09-08 12:00,0.9686,0.9694,0.9462,0.9462,1228,0.0,0.0,0.0
439,2021-09-08 12:15,0.954,0.9597,0.9355,0.9373,10124,0.0,0.0,0.0
440,2021-09-08 12:30,0.9455,0.9549,0.9399,0.945,12522,0.0,0.0,0.0
441,2021-09-08 12:45,0.9533,0.96,0.9451,0.9451,1400,0.0,0.0,0.0
442,2021-09-08 13:00,0.9469,0.9576,0.9458,0.9576,800,0.0,0.0,0.0
443,2021-09-08 13:15,0.9474,0.9474,0.9474,0.9474,125,0.0,0.0,0.0
444,2021-09-08 13:45,0.947,0.947,0.9469,0.9469,200,0.0,0.0,0.0
445,2021-09-08 14:00,0.9464,0.9467,0.9439,0.9439,600,0.0,0.0,0.0
446,2021-09-08 14:15,0.9527,0.9527,0.9527,0.9527,300,0.0,0.0,0.0
447,2021-09-08 14:30,0.9649,0.9897,0.9649,0.9861,8800,0.0,0.0,0.0
448,2021-09-08 14:45,0.9849,1.02,0.9848,1.015,10070,0.0,0.0,0.0
449,2021-09-08 15:00,1.0,1.005,0.9888,0.9977,4720,0.0,0.0,0.0
450,2021-09-08 15:15,1.005,1.015,0.9901,1.005,7420,0.0,0.0,0.0
451,2021-09-08 15:30,1.0,1.0,0.9681,0.9725,12395,0.0,0.0,0.0
452,2021-09-08 15:45,0.97,0.9898,0.9644,0.9886,9012,0.0,0.0,0.0
453,2021-09-09 09:30,0.977,0.977,0.935,0.9402,34445,0.0,0.0,0.0
454,2021-09-09 09:45,0.9252,0.9345,0.9117,0.9321,34294,0.0,0.0,0.0
455,2021-09-09 10:00,0.932,0.9558,0.913,0.9558,7684,0.0,0.0,0.0
456,2021-09-09 10:15,0.9448,0.9448,0.9448,0.9448,200,0.0,0.0,0.0
457,2021-09-09 10:30,0.9515,0.9515,0.9508,0.9508,500,0.0,0.0,0.0
458,2021-09-09 10:45,0.9313,0.9335,0.9313,0.9316,9600,0.0,0.0,0.0
459,2021-09-09 11:00,0.922,0.93,0.9202,0.93,2375,0.0,0.0,0.0
460,2021-09-09 11:30,0.9227,0.9331,0.9227,0.9301,4952,1.0,3.0,1.0
461,2021-09-09 11:45,0.9188,0.92,0.9188,0.92,500,0.0,0.0,0.0
462,2021-09-09 12:00,0.9199,0.935,0.9199,0.935,400,0.0,0.0,0.0
463,2021-09-09 12:15,0.9401,0.947,0.9401,0.947,2500,0.0,0.0,0.0
464,2021-09-09 12:30,0.94,1.13,0.94,1.1,28863,0.0,0.0,0.0
465,2021-09-09 12:45,1.1,1.105,1.045,1.06,36623,0.0,0.0,0.0
466,2021-09-09 13:00,1.075,1.115,1.07,1.115,13877,0.0,0.0,0.0
467,2021-09-09 13:15,1.105,1.19,1.105,1.165,45525,0.0,0.0,0.0
468,2021-09-09 13:30,1.16,1.175,1.13,1.17,14395,0.0,0.0,0.0
469,2021-09-09 13:45,1.175,1.175,1.15,1.17,11419,0.0,0.0,0.0
470,2021-09-09 14:00,1.17,1.17,1.12,1.14,18732,0.0,0.0,0.0
471,2021-09-09 14:15,1.135,1.165,1.135,1.135,19426,0.0,0.0,0.0
472,2021-09-09 14:30,1.14,1.225,1.14,1.225,53480,0.0,0.0,0.0
473,2021-09-09 14:45,1.215,1.22,1.19,1.21,12714,0.0,0.0,0.0
474,2021-09-09 15:00,1.225,1.285,1.22,1.285,18867,0.0,0.0,0.0
475,2021-09-09 15:15,1.295,1.3,1.265,1.275,17550,0.0,0.0,0.0
476,2021-09-09 15:30,1.275,1.315,1.265,1.3,17262,0.0,0.0,0.0
477,2021-09-09 15:45,1.27,1.305,1.27,1.295,16871,1.0,1.0,1.0
478,2021-09-09 16:00,1.29,1.31,1.27,1.27,2800,0.0,0.0,0.0
479,2021-09-09 16:15,1.29,1.38,1.29,1.35,32984,0.0,0.0,0.0
480,2021-09-09 16:30,1.34,1.39,1.34,1.39,10711,0.0,0.0,0.0
481,2021-09-09 16:45,1.39,1.4,1.37,1.38,10556,2.0,7.0,2.0
482,2021-09-10 08:00,1.4,1.42,1.4,1.42,1156,0.0,0.0,0.0
483,2021-09-10 08:15,1.41,1.41,1.33,1.36,5432,0.0,0.0,0.0
484,2021-09-10 08:30,1.36,1.36,1.34,1.35,2173,0.0,0.0,0.0
485,2021-09-10 08:45,1.35,1.39,1.35,1.39,3180,0.0,0.0,0.0
486,2021-09-10 09:00,1.4,1.41,1.38,1.39,6549,0.0,0.0,0.0
487,2021-09-10 09:15,1.41,1.45,1.38,1.38,18724,0.0,0.0,0.0
488,2021-09-10 09:30,1.39,1.49,1.37,1.48,126879,0.0,0.0,0.0
489,2021-09-10 09:45,1.475,1.495,1.425,1.445,82001,0.0,0.0,0.0
490,2021-09-10 10:00,1.445,1.47,1.39,1.46,86372,0.0,0.0,0.0
491,2021-09-10 10:15,1.455,1.62,1.44,1.615,210154,0.0,0.0,0.0
492,2021-09-10 10:30,1.63,1.65,1.57,1.595,99871,0.0,0.0,0.0
493,2021-09-10 10:45,1.595,1.595,1.52,1.545,58005,0.0,0.0,0.0
494,2021-09-10 11:00,1.55,1.6,1.55,1.555,42345,0.0,0.0,0.0
495,2021-09-10 11:15,1.555,1.565,1.51,1.525,34432,0.0,0.0,0.0
496,2021-09-10 11:30,1.52,1.52,1.43,1.48,62571,0.0,0.0,0.0
497,2021-09-10 11:45,1.485,1.52,1.465,1.465,33130,0.0,0.0,0.0
498,2021-09-10 12:00,1.47,1.47,1.445,1.47,14438,0.0,0.0,0.0
499,2021-09-10 12:15,1.49,1.52,1.49,1.505,18214,0.0,0.0,0.0
500,2021-09-10 12:30,1.505,1.505,1.405,1.405,15827,0.0,0.0,0.0
501,2021-09-10 12:45,1.42,1.44,1.36,1.405,26037,0.0,0.0,0.0
502,2021-09-10 13:00,1.405,1.435,1.4,1.425,8191,0.0,0.0,0.0
503,2021-09-10 13:15,1.41,1.415,1.38,1.385,11903,0.0,0.0,0.0
504,2021-09-10 13:30,1.385,1.49,1.385,1.475,80521,0.0,0.0,0.0
505,2021-09-10 13:45,1.47,1.51,1.46,1.47,15942,0.0,0.0,0.0
506,2021-09-10 14:00,1.465,1.49,1.46,1.46,14868,0.0,0.0,0.0
507,2021-09-10 14:15,1.465,1.52,1.465,1.505,16737,0.0,0.0,0.0
508,2021-09-10 14:30,1.505,1.505,1.45,1.475,23632,0.0,0.0,0.0
509,2021-09-10 14:45,1.475,1.475,1.445,1.445,20568,1.0,3.0,1.0
510,2021-09-10 15:00,1.47,1.55,1.455,1.535,23599,1.0,3.0,1.0
511,2021-09-10 15:15,1.515,1.545,1.5,1.505,17020,0.0,0.0,0.0
512,2021-09-10 15:30,1.505,1.53,1.505,1.52,39158,0.0,0.0,0.0
513,2021-09-10 15:45,1.515,1.515,1.485,1.515,52962,0.0,0.0,0.0
514,2021-09-10 16:00,1.51,1.52,1.5,1.5,1700,0.0,0.0,0.0
515,2021-09-10 16:15,1.48,1.48,1.34,1.43,29049,0.0,0.0,0.0
516,2021-09-10 16:30,1.44,1.45,1.41,1.43,7345,0.0,0.0,0.0
517,2021-09-10 16:45,1.44,1.45,1.41,1.41,3350,0.0,0.0,0.0
518,2021-09-13 08:00,1.39,1.42,1.39,1.42,4100,0.0,0.0,0.0
519,2021-09-13 08:15,1.42,1.45,1.42,1.44,1200,0.0,0.0,0.0
520,2021-09-13 08:30,1.45,1.45,1.44,1.45,2750,0.0,0.0,0.0
521,2021-09-13 08:45,1.44,1.45,1.43,1.45,2700,0.0,0.0,0.0
522,2021-09-13 09:00,1.45,1.47,1.45,1.47,1000,0.0,0.0,0.0
523,2021-09-13 09:15,1.48,1.48,1.44,1.44,2104,0.0,0.0,0.0
524,2021-09-13 09:30,1.44,1.445,1.37,1.43,21370,0.0,0.0,0.0
525,2021-09-13 09:45,1.45,1.45,1.365,1.365,13726,0.0,0.0,0.0
526,2021-09-13 10:00,1.365,1.365,1.22,1.235,56128,0.0,0.0,0.0
527,2021-09-13 10:15,1.235,1.34,1.235,1.34,33303,0.0,0.0,0.0
528,2021-09-13 10:30,1.335,1.37,1.315,1.37,8738,0.0,0.0,0.0
529,2021-09-13 10:45,1.385,1.415,1.38,1.405,32382,0.0,0.0,0.0
530,2021-09-13 11:00,1.405,1.42,1.385,1.415,26194,0.0,0.0,0.0
531,2021-09-13 11:15,1.415,1.46,1.415,1.455,26348,0.0,0.0,0.0
532,2021-09-13 11:30,1.465,1.5,1.455,1.455,15078,0.0,0.0,0.0
533,2021-09-13 11:45,1.455,1.47,1.43,1.435,14642,0.0,0.0,0.0
534,2021-09-13 12:00,1.435,1.455,1.435,1.435,6895,0.0,0.0,0.0
535,2021-09-13 12:15,1.435,1.435,1.4,1.415,17953,0.0,0.0,0.0
536,2021-09-13 12:30,1.435,1.455,1.435,1.44,7746,0.0,0.0,0.0
537,2021-09-13 12:45,1.44,1.44,1.43,1.435,503,0.0,0.0,0.0
538,2021-09-13 13:00,1.435,1.47,1.435,1.455,8439,0.0,0.0,0.0
539,2021-09-13 13:15,1.43,1.43,1.415,1.415,3137,0.0,0.0,0.0
540,2021-09-13 13:30,1.41,1.43,1.41,1.42,6546,0.0,0.0,0.0
541,2021-09-13 13:45,1.44,1.455,1.44,1.455,9811,0.0,0.0,0.0
542,2021-09-13 14:00,1.44,1.445,1.42,1.42,6260,1.0,3.0,1.0
543,2021-09-13 14:15,1.415,1.425,1.415,1.425,11482,0.0,0.0,0.0
544,2021-09-13 14:30,1.42,1.42,1.355,1.37,16663,0.0,0.0,0.0
545,2021-09-13 14:45,1.365,1.385,1.355,1.375,22798,0.0,0.0,0.0
546,2021-09-13 15:00,1.375,1.385,1.375,1.38,10288,0.0,0.0,0.0
547,2021-09-13 15:15,1.375,1.375,1.335,1.35,7640,0.0,0.0,0.0
548,2021-09-13 15:30,1.345,1.4,1.345,1.365,23319,0.0,0.0,0.0
549,2021-09-13 15:45,1.375,1.415,1.375,1.38,35814,0.0,0.0,0.0
550,2021-09-14 08:00,1.37,1.37,1.36,1.36,1147,0.0,0.0,0.0
551,2021-09-14 08:15,1.35,1.35,1.31,1.32,2502,0.0,0.0,0.0
552,2021-09-14 08:30,1.3,1.33,1.3,1.33,1350,0.0,0.0,0.0
553,2021-09-14 08:45,1.34,1.35,1.34,1.35,965,0.0,0.0,0.0
554,2021-09-14 09:00,1.33,1.34,1.33,1.34,1315,0.0,0.0,0.0
555,2021-09-14 09:15,1.35,1.35,1.34,1.35,1800,0.0,0.0,0.0
556,2021-09-14 09:30,1.35,1.445,1.325,1.445,19889,0.0,0.0,0.0
557,2021-09-14 09:45,1.44,1.445,1.405,1.405,11464,0.0,0.0,0.0
558,2021-09-14 10:00,1.395,1.44,1.395,1.425,18240,0.0,0.0,0.0
559,2021-09-14 10:15,1.415,1.485,1.415,1.485,10408,0.0,0.0,0.0
560,2021-09-14 10:30,1.47,1.595,1.465,1.55,36231,0.0,0.0,0.0
561,2021-09-14 10:45,1.545,1.55,1.475,1.54,42669,0.0,0.0,0.0
562,2021-09-14 11:00,1.54,1.54,1.49,1.495,18467,0.0,0.0,0.0
563,2021-09-14 11:15,1.495,1.53,1.47,1.515,22415,0.0,0.0,0.0
564,2021-09-14 11:30,1.51,1.51,1.48,1.51,7684,0.0,0.0,0.0
565,2021-09-14 11:45,1.515,1.545,1.515,1.545,5552,1.0,1.0,1.0
566,2021-09-14 12:00,1.545,1.555,1.52,1.52,20358,1.0,3.0,1.0
567,2021-09-14 12:15,1.52,1.525,1.51,1.515,1027,3.0,7.0,3.0
568,2021-09-14 12:30,1.515,1.54,1.515,1.53,6714,0.0,0.0,0.0
569,2021-09-14 12:45,1.525,1.59,1.525,1.56,8192,0.0,0.0,0.0
570,2021-09-14 13:00,1.56,1.62,1.56,1.62,16950,0.0,0.0,0.0
571,2021-09-14 13:15,1.62,1.7,1.605,1.645,35107,0.0,0.0,0.0
572,2021-09-14 13:30,1.645,1.74,1.63,1.735,50636,0.0,0.0,0.0
573,2021-09-14 13:45,1.72,1.8,1.72,1.75,108287,0.0,0.0,0.0
574,2021-09-14 14:00,1.71,1.735,1.68,1.715,31901,0.0,0.0,0.0
575,2021-09-14 14:15,1.71,1.715,1.645,1.685,40659,0.0,0.0,0.0
576,2021-09-14 14:30,1.675,1.73,1.66,1.715,21276,0.0,0.0,0.0
577,2021-09-14 14:45,1.71,1.71,1.61,1.63,34494,0.0,0.0,0.0
578,2021-09-14 15:00,1.635,1.68,1.61,1.655,27035,0.0,0.0,0.0
579,2021-09-14 15:15,1.635,1.64,1.575,1.605,21419,0.0,0.0,0.0
580,2021-09-14 15:30,1.59,1.6,1.565,1.59,17655,0.0,0.0,0.0
581,2021-09-14 15:45,1.585,1.59,1.535,1.565,57600,0.0,0.0,0.0
582,2021-09-14 16:00,1.57,1.57,1.57,1.57,100,0.0,0.0,0.0
583,2021-09-15 08:00,1.6,1.6,1.57,1.57,5580,0.0,0.0,0.0
584,2021-09-15 08:15,1.58,1.59,1.55,1.59,4500,0.0,0.0,0.0
585,2021-09-15 08:30,1.57,1.58,1.56,1.58,697,0.0,0.0,0.0
586,2021-09-15 08:45,1.6,1.62,1.6,1.62,3400,0.0,0.0,0.0
587,2021-09-15 09:00,1.64,1.68,1.64,1.66,4988,0.0,0.0,0.0
588,2021-09-15 09:15,1.66,1.66,1.66,1.66,1400,0.0,0.0,0.0
589,2021-09-15 09:30,1.66,1.71,1.56,1.71,43917,0.0,0.0,0.0
590,2021-09-15 09:45,1.71,1.76,1.68,1.7,45692,0.0,0.0,0.0
591,2021-09-15 10:00,1.695,1.72,1.63,1.715,29705,0.0,0.0,0.0
592,2021-09-15 10:15,1.71,1.78,1.67,1.685,29282,0.0,0.0,0.0
593,2021-09-15 10:30,1.685,1.72,1.64,1.66,31520,0.0,0.0,0.0
594,2021-09-15 10:45,1.685,1.73,1.685,1.685,21793,0.0,0.0,0.0
595,2021-09-15 11:00,1.66,1.68,1.64,1.665,11383,0.0,0.0,0.0
596,2021-09-15 11:15,1.665,1.68,1.62,1.62,47328,0.0,0.0,0.0
597,2021-09-15 11:30,1.625,1.67,1.61,1.66,24874,0.0,0.0,0.0
598,2021-09-15 11:45,1.68,1.7,1.68,1.69,11279,0.0,0.0,0.0
599,2021-09-15 12:00,1.69,1.71,1.67,1.685,9723,0.0,0.0,0.0
600,2021-09-15 12:15,1.665,1.705,1.665,1.695,4615,0.0,0.0,0.0
601,2021-09-15 12:30,1.72,1.72,1.7,1.7,9353,0.0,0.0,0.0
602,2021-09-15 12:45,1.695,1.7,1.675,1.675,3260,0.0,0.0,0.0
603,2021-09-15 13:00,1.675,1.695,1.675,1.695,5220,0.0,0.0,0.0
604,2021-09-15 13:15,1.675,1.675,1.62,1.63,12774,1.0,3.0,1.0
605,2021-09-15 13:30,1.625,1.64,1.6,1.635,10896,0.0,0.0,0.0
606,2021-09-15 13:45,1.65,1.655,1.63,1.63,2511,0.0,0.0,0.0
607,2021-09-15 14:00,1.615,1.645,1.615,1.63,12639,3.0,7.0,3.0
608,2021-09-15 14:15,1.635,1.635,1.62,1.635,2850,0.0,0.0,0.0
609,2021-09-15 14:30,1.665,1.68,1.645,1.665,9140,0.0,0.0,0.0
610,2021-09-15 14:45,1.665,1.685,1.665,1.675,2770,0.0,0.0,0.0
611,2021-09-15 15:00,1.655,1.655,1.635,1.645,7586,0.0,0.0,0.0
612,2021-09-15 15:15,1.645,1.675,1.645,1.645,7697,0.0,0.0,0.0
613,2021-09-15 15:30,1.64,1.665,1.64,1.665,6875,1.0,1.0,1.0
614,2021-09-15 15:45,1.665,1.665,1.63,1.63,25703,1.0,1.0,1.0
615,2021-09-16 08:00,1.68,1.7,1.68,1.7,700,1.0,1.0,1.0
616,2021-09-16 08:15,1.68,1.68,1.68,1.68,200,0.0,0.0,0.0
617,2021-09-16 08:30,1.6,1.6,1.37,1.49,55953,0.0,0.0,0.0
618,2021-09-16 08:45,1.47,1.59,1.47,1.56,13415,0.0,0.0,0.0
619,2021-09-16 09:00,1.56,1.59,1.54,1.58,3248,0.0,0.0,0.0
620,2021-09-16 09:15,1.59,1.59,1.55,1.59,4000,0.0,0.0,0.0
621,2021-09-16 09:30,1.59,1.71,1.56,1.68,31719,0.0,0.0,0.0
622,2021-09-16 09:45,1.695,1.75,1.66,1.69,61274,0.0,0.0,0.0
623,2021-09-16 10:00,1.69,1.78,1.66,1.75,52641,0.0,0.0,0.0
624,2021-09-16 10:15,1.75,1.755,1.7,1.72,24267,0.0,0.0,0.0
625,2021-09-16 10:30,1.72,1.76,1.675,1.68,41451,0.0,0.0,0.0
626,2021-09-16 10:45,1.69,1.695,1.65,1.67,23865,0.0,0.0,0.0
627,2021-09-16 11:00,1.675,1.685,1.635,1.65,26616,0.0,0.0,0.0
628,2021-09-16 11:15,1.655,1.7,1.635,1.685,12489,0.0,0.0,0.0
629,2021-09-16 11:30,1.69,1.71,1.68,1.68,5604,0.0,0.0,0.0
630,2021-09-16 11:45,1.685,1.73,1.67,1.69,12243,0.0,0.0,0.0
631,2021-09-16 12:00,1.7,1.71,1.69,1.695,10858,0.0,0.0,0.0
632,2021-09-16 12:15,1.7,1.725,1.69,1.69,9589,0.0,0.0,0.0
633,2021-09-16 12:30,1.695,1.695,1.68,1.68,6865,1.0,1.0,1.0
634,2021-09-16 12:45,1.685,1.71,1.675,1.695,40845,0.0,0.0,0.0
635,2021-09-16 13:00,1.7,1.725,1.695,1.725,15867,0.0,0.0,0.0
636,2021-09-16 13:15,1.725,1.845,1.725,1.845,24080,0.0,0.0,0.0
637,2021-09-16 13:30,1.825,1.855,1.79,1.81,74580,0.0,0.0,0.0
638,2021-09-16 13:45,1.82,1.865,1.815,1.86,17181,0.0,0.0,0.0
639,2021-09-16 14:00,1.84,1.84,1.79,1.795,13282,0.0,0.0,0.0
640,2021-09-16 14:15,1.805,1.815,1.785,1.805,14999,0.0,0.0,0.0
641,2021-09-16 14:30,1.82,1.825,1.785,1.805,9668,0.0,0.0,0.0
642,2021-09-16 14:45,1.8,1.8,1.76,1.775,21893,0.0,0.0,0.0
643,2021-09-16 15:00,1.785,1.82,1.785,1.815,7594,0.0,0.0,0.0
644,2021-09-16 15:15,1.815,1.815,1.78,1.79,9754,0.0,0.0,0.0
645,2021-09-16 15:30,1.78,1.79,1.71,1.745,16860,0.0,0.0,0.0
646,2021-09-16 15:45,1.745,1.755,1.675,1.705,80874,0.0,0.0,0.0
647,2021-09-16 16:00,1.71,1.71,1.7,1.71,600,0.0,0.0,0.0
648,2021-09-16 16:15,1.72,1.74,1.7,1.7,1200,0.0,0.0,0.0
649,2021-09-16 16:30,1.68,1.69,1.67,1.68,800,0.0,0.0,0.0
650,2021-09-16 16:45,1.69,1.69,1.69,1.69,400,0.0,0.0,0.0
651,2021-09-17 08:30,1.68,1.68,1.68,1.68,600,0.0,0.0,0.0
652,2021-09-17 08:45,1.66,1.66,1.65,1.65,1700,0.0,0.0,0.0
653,2021-09-17 09:00,1.69,1.69,1.68,1.68,1000,0.0,0.0,0.0
654,2021-09-17 09:15,1.71,1.71,1.7,1.7,2200,0.0,0.0,0.0
655,2021-09-17 09:30,1.71,1.75,1.63,1.695,26825,0.0,0.0,0.0
656,2021-09-17 09:45,1.69,1.72,1.67,1.68,19476,0.0,0.0,0.0
657,2021-09-17 10:00,1.675,1.71,1.645,1.65,12070,0.0,0.0,0.0
658,2021-09-17 10:15,1.65,1.67,1.63,1.665,19201,0.0,0.0,0.0
659,2021-09-17 10:30,1.66,1.67,1.64,1.665,10912,0.0,0.0,0.0
660,2021-09-17 10:45,1.66,1.69,1.66,1.675,11484,0.0,0.0,0.0
661,2021-09-17 11:00,1.67,1.685,1.655,1.655,11980,0.0,0.0,0.0
662,2021-09-17 11:15,1.655,1.71,1.655,1.7,8295,0.0,0.0,0.0
663,2021-09-17 11:30,1.715,1.77,1.715,1.755,35747,0.0,0.0,0.0
664,2021-09-17 11:45,1.75,1.76,1.735,1.75,8476,0.0,0.0,0.0
665,2021-09-17 12:00,1.755,1.79,1.755,1.775,11253,0.0,0.0,0.0
666,2021-09-17 12:15,1.775,1.83,1.775,1.82,22520,0.0,0.0,0.0
667,2021-09-17 12:30,1.805,1.81,1.775,1.79,16003,0.0,0.0,0.0
668,2021-09-17 12:45,1.79,1.79,1.75,1.755,9140,0.0,0.0,0.0
669,2021-09-17 13:00,1.775,1.785,1.775,1.78,2353,0.0,0.0,0.0
670,2021-09-17 13:15,1.78,1.8,1.78,1.78,8112,0.0,0.0,0.0
671,2021-09-17 13:30,1.78,1.8,1.765,1.78,9965,0.0,0.0,0.0
672,2021-09-17 13:45,1.79,1.79,1.76,1.765,7534,0.0,0.0,0.0
673,2021-09-17 14:00,1.765,1.78,1.73,1.77,16818,0.0,0.0,0.0
674,2021-09-17 14:15,1.775,1.775,1.75,1.755,3206,0.0,0.0,0.0
675,2021-09-17 14:30,1.765,1.77,1.75,1.75,6515,1.0,3.0,1.0
676,2021-09-17 14:45,1.755,1.785,1.755,1.78,5796,0.0,0.0,0.0
677,2021-09-17 15:00,1.775,1.775,1.75,1.75,1411,0.0,0.0,0.0
678,2021-09-17 15:15,1.75,1.755,1.72,1.74,8672,0.0,0.0,0.0
679,2021-09-17 15:30,1.74,1.74,1.685,1.69,23561,0.0,0.0,0.0
680,2021-09-17 15:45,1.695,1.71,1.695,1.695,27999,0.0,0.0,0.0
681,2021-09-17 16:15,1.7,1.7,1.7,1.7,200,1.0,1.0,1.0
682,2021-09-20 08:00,1.61,1.61,1.6,1.61,2400,0.0,0.0,0.0
683,2021-09-20 08:30,1.6,1.6,1.56,1.56,3000,0.0,0.0,0.0
684,2021-09-20 08:45,1.56,1.6,1.56,1.59,2207,0.0,0.0,0.0
685,2021-09-20 09:00,1.59,1.59,1.59,1.59,389,1.0,3.0,1.0
686,2021-09-20 09:15,1.58,1.58,1.58,1.58,600,0.0,0.0,0.0
687,2021-09-20 09:30,1.57,1.64,1.37,1.635,44520,0.0,0.0,0.0
688,2021-09-20 09:45,1.635,1.67,1.605,1.67,17844,0.0,0.0,0.0
689,2021-09-20 10:00,1.655,1.68,1.655,1.68,3333,0.0,0.0,0.0
690,2021-09-20 10:15,1.66,1.66,1.61,1.635,18623,0.0,0.0,0.0
691,2021-09-20 10:30,1.635,1.645,1.615,1.615,30099,0.0,0.0,0.0
692,2021-09-20 10:45,1.615,1.66,1.615,1.66,15438,0.0,0.0,0.0
693,2021-09-20 11:00,1.655,1.655,1.645,1.645,244,0.0,0.0,0.0
694,2021-09-20 11:15,1.64,1.64,1.635,1.635,3625,0.0,0.0,0.0
695,2021-09-20 11:30,1.635,1.635,1.615,1.615,268,0.0,0.0,0.0
696,2021-09-20 11:45,1.615,1.62,1.6,1.615,18776,0.0,0.0,0.0
697,2021-09-20 12:00,1.605,1.605,1.58,1.58,5176,0.0,0.0,0.0
698,2021-09-20 12:15,1.585,1.605,1.585,1.605,19145,0.0,0.0,0.0
699,2021-09-20 12:30,1.6,1.6,1.585,1.585,900,0.0,0.0,0.0
700,2021-09-20 12:45,1.58,1.585,1.58,1.58,13815,0.0,0.0,0.0
701,2021-09-20 13:00,1.58,1.58,1.54,1.555,16789,0.0,0.0,0.0
702,2021-09-20 13:15,1.555,1.565,1.555,1.565,2060,0.0,0.0,0.0
703,2021-09-20 13:30,1.575,1.58,1.565,1.565,5609,0.0,0.0,0.0
704,2021-09-20 13:45,1.56,1.56,1.55,1.55,6558,0.0,0.0,0.0
705,2021-09-20 14:00,1.555,1.555,1.52,1.52,2952,0.0,0.0,0.0
706,2021-09-20 14:15,1.52,1.52,1.485,1.5,22600,0.0,0.0,0.0
707,2021-09-20 14:30,1.495,1.51,1.465,1.475,16723,0.0,0.0,0.0
708,2021-09-20 14:45,1.475,1.51,1.475,1.495,5400,0.0,0.0,0.0
709,2021-09-20 15:00,1.495,1.505,1.475,1.475,4986,0.0,0.0,0.0
710,2021-09-20 15:15,1.475,1.475,1.415,1.43,17653,0.0,0.0,0.0
711,2021-09-20 15:30,1.44,1.495,1.435,1.485,26314,0.0,0.0,0.0
712,2021-09-20 15:45,1.485,1.54,1.485,1.54,34132,0.0,0.0,0.0
713,2021-09-21 08:00,1.61,1.63,1.6,1.62,3100,0.0,0.0,0.0
714,2021-09-21 08:15,1.63,1.63,1.62,1.62,852,0.0,0.0,0.0
715,2021-09-21 08:30,1.63,1.64,1.63,1.64,902,0.0,0.0,0.0
716,2021-09-21 08:45,1.66,1.68,1.65,1.65,1000,0.0,0.0,0.0
717,2021-09-21 09:00,1.64,1.64,1.64,1.64,800,0.0,0.0,0.0
718,2021-09-21 09:15,1.63,1.63,1.63,1.63,100,0.0,0.0,0.0
719,2021-09-21 09:30,1.63,1.705,1.62,1.67,25487,0.0,0.0,0.0
720,2021-09-21 09:45,1.665,1.675,1.64,1.665,26514,0.0,0.0,0.0
721,2021-09-21 10:00,1.655,1.655,1.61,1.615,21614,0.0,0.0,0.0
722,2021-09-21 10:15,1.62,1.62,1.575,1.59,12540,0.0,0.0,0.0
723,2021-09-21 10:30,1.6,1.61,1.595,1.605,18111,0.0,0.0,0.0
724,2021-09-21 10:45,1.6,1.605,1.585,1.59,6378,0.0,0.0,0.0
725,2021-09-21 11:00,1.58,1.6,1.575,1.6,6857,0.0,0.0,0.0
726,2021-09-21 11:15,1.61,1.61,1.6,1.605,3603,0.0,0.0,0.0
727,2021-09-21 11:30,1.605,1.605,1.6,1.6,1592,0.0,0.0,0.0
728,2021-09-21 11:45,1.605,1.605,1.605,1.605,892,0.0,0.0,0.0
729,2021-09-21 12:00,1.605,1.64,1.605,1.64,7625,0.0,0.0,0.0
730,2021-09-21 12:15,1.635,1.635,1.625,1.625,4000,0.0,0.0,0.0
731,2021-09-21 12:30,1.63,1.64,1.63,1.63,1900,0.0,0.0,0.0
732,2021-09-21 12:45,1.635,1.665,1.635,1.655,9769,0.0,0.0,0.0
733,2021-09-21 13:00,1.66,1.66,1.635,1.635,11301,0.0,0.0,0.0
734,2021-09-21 13:15,1.635,1.635,1.61,1.61,4037,0.0,0.0,0.0
735,2021-09-21 13:30,1.615,1.62,1.615,1.62,1400,0.0,0.0,0.0
736,2021-09-21 13:45,1.62,1.62,1.61,1.61,600,0.0,0.0,0.0
737,2021-09-21 14:00,1.605,1.605,1.605,1.605,1600,0.0,0.0,0.0
738,2021-09-21 14:15,1.595,1.6,1.59,1.59,1926,0.0,0.0,0.0
739,2021-09-21 14:30,1.585,1.59,1.585,1.59,2645,0.0,0.0,0.0
740,2021-09-21 14:45,1.6,1.61,1.595,1.595,14476,0.0,0.0,0.0
741,2021-09-21 15:00,1.585,1.595,1.58,1.58,10521,0.0,0.0,0.0
742,2021-09-21 15:15,1.585,1.595,1.585,1.595,3109,0.0,0.0,0.0
743,2021-09-21 15:30,1.595,1.6,1.595,1.595,600,0.0,0.0,0.0
744,2021-09-21 15:45,1.595,1.6,1.575,1.575,18607,0.0,0.0,0.0
745,2021-09-22 08:00,1.58,1.58,1.57,1.58,1000,0.0,0.0,0.0
746,2021-09-22 08:30,1.58,1.58,1.58,1.58,400,0.0,0.0,0.0
747,2021-09-22 09:00,1.58,1.58,1.58,1.58,400,0.0,0.0,0.0
748,2021-09-22 09:30,1.605,1.61,1.555,1.585,5051,1.0,3.0,1.0
749,2021-09-22 09:45,1.57,1.57,1.475,1.53,5144,0.0,0.0,0.0
750,2021-09-22 10:00,1.545,1.565,1.52,1.535,3396,0.0,0.0,0.0
751,2021-09-22 10:15,1.52,1.53,1.52,1.525,1606,0.0,0.0,0.0
752,2021-09-22 10:30,1.52,1.52,1.475,1.485,12141,0.0,0.0,0.0
753,2021-09-22 10:45,1.49,1.505,1.49,1.505,7986,0.0,0.0,0.0
754,2021-09-22 11:00,1.515,1.535,1.51,1.53,19582,0.0,0.0,0.0
755,2021-09-22 11:15,1.525,1.53,1.52,1.52,4007,0.0,0.0,0.0
756,2021-09-22 11:30,1.515,1.515,1.515,1.515,400,0.0,0.0,0.0
757,2021-09-22 11:45,1.53,1.565,1.53,1.56,13187,0.0,0.0,0.0
758,2021-09-22 12:00,1.555,1.555,1.53,1.55,2971,0.0,0.0,0.0
759,2021-09-22 12:15,1.535,1.535,1.535,1.535,1005,0.0,0.0,0.0
760,2021-09-22 12:45,1.53,1.55,1.53,1.54,5224,0.0,0.0,0.0
761,2021-09-22 13:00,1.53,1.53,1.525,1.525,770,0.0,0.0,0.0
762,2021-09-22 13:15,1.535,1.535,1.535,1.535,7709,0.0,0.0,0.0
763,2021-09-22 13:30,1.53,1.53,1.525,1.525,5902,0.0,0.0,0.0
764,2021-09-22 13:45,1.515,1.515,1.5,1.505,3585,0.0,0.0,0.0
765,2021-09-22 14:00,1.52,1.525,1.52,1.52,4038,0.0,0.0,0.0
766,2021-09-22 14:15,1.515,1.515,1.51,1.51,1000,0.0,0.0,0.0
767,2021-09-22 14:30,1.515,1.515,1.485,1.485,8556,0.0,0.0,0.0
768,2021-09-22 14:45,1.47,1.49,1.44,1.485,26573,0.0,0.0,0.0
769,2021-09-22 15:00,1.485,1.485,1.455,1.465,14764,0.0,0.0,0.0
770,2021-09-22 15:15,1.465,1.49,1.465,1.475,4254,0.0,0.0,0.0
771,2021-09-22 15:30,1.455,1.465,1.435,1.46,13492,0.0,0.0,0.0
772,2021-09-22 15:45,1.46,1.465,1.455,1.455,10434,0.0,0.0,0.0
773,2021-09-22 16:00,1.47,1.47,1.47,1.47,120,0.0,0.0,0.0
774,2021-09-23 08:00,1.58,1.58,1.56,1.56,1100,0.0,0.0,0.0
775,2021-09-23 08:15,1.58,1.58,1.58,1.58,600,0.0,0.0,0.0
776,2021-09-23 08:30,1.57,1.58,1.57,1.58,700,0.0,0.0,0.0
777,2021-09-23 08:45,1.59,1.6,1.59,1.6,510,0.0,0.0,0.0
778,2021-09-23 09:00,1.6,1.6,1.6,1.6,700,0.0,0.0,0.0
779,2021-09-23 09:15,1.58,1.58,1.58,1.58,100,0.0,0.0,0.0
780,2021-09-23 09:30,1.585,1.64,1.565,1.58,34753,0.0,0.0,0.0
781,2021-09-23 09:45,1.56,1.57,1.535,1.555,8722,0.0,0.0,0.0
782,2021-09-23 10:00,1.565,1.615,1.565,1.615,4692,0.0,0.0,0.0
783,2021-09-23 10:15,1.605,1.625,1.59,1.62,7739,0.0,0.0,0.0
784,2021-09-23 10:30,1.63,1.635,1.605,1.625,9608,0.0,0.0,0.0
785,2021-09-23 10:45,1.615,1.62,1.575,1.61,7838,0.0,0.0,0.0
786,2021-09-23 11:00,1.615,1.665,1.61,1.655,41083,0.0,0.0,0.0
787,2021-09-23 11:15,1.655,1.69,1.655,1.685,29665,0.0,0.0,0.0
788,2021-09-23 11:30,1.7,1.71,1.67,1.67,42357,0.0,0.0,0.0
789,2021-09-23 11:45,1.67,1.685,1.66,1.675,9650,0.0,0.0,0.0
790,2021-09-23 12:00,1.665,1.67,1.65,1.65,21510,0.0,0.0,0.0
791,2021-09-23 12:15,1.64,1.655,1.625,1.655,24045,0.0,0.0,0.0
792,2021-09-23 12:30,1.655,1.665,1.655,1.665,5235,0.0,0.0,0.0
793,2021-09-23 12:45,1.67,1.67,1.66,1.665,906,1.0,3.0,1.0
794,2021-09-23 13:00,1.665,1.675,1.665,1.675,2580,0.0,0.0,0.0
795,2021-09-23 13:15,1.68,1.68,1.66,1.675,7875,0.0,0.0,0.0
796,2021-09-23 13:30,1.675,1.78,1.675,1.755,32825,0.0,0.0,0.0
797,2021-09-23 13:45,1.775,1.81,1.775,1.785,28460,0.0,0.0,0.0
798,2021-09-23 14:00,1.785,1.82,1.775,1.785,31315,0.0,0.0,0.0
799,2021-09-23 14:15,1.77,1.805,1.76,1.805,4865,0.0,0.0,0.0
800,2021-09-23 14:30,1.81,1.94,1.81,1.9,95793,0.0,0.0,0.0
801,2021-09-23 14:45,1.915,1.98,1.89,1.92,54697,0.0,0.0,0.0
802,2021-09-23 15:00,1.905,1.945,1.88,1.92,27813,0.0,0.0,0.0
803,2021-09-23 15:15,1.905,1.915,1.865,1.865,22783,0.0,0.0,0.0
804,2021-09-23 15:30,1.875,1.875,1.825,1.85,36367,0.0,0.0,0.0
805,2021-09-23 15:45,1.865,1.925,1.85,1.88,40431,0.0,0.0,0.0
806,2021-09-24 08:00,1.86,1.86,1.86,1.86,800,0.0,0.0,0.0
807,2021-09-24 08:15,1.85,1.85,1.83,1.84,2100,0.0,0.0,0.0
808,2021-09-24 08:30,1.85,1.85,1.81,1.81,1430,0.0,0.0,0.0
809,2021-09-24 08:45,1.8,1.8,1.8,1.8,1200,0.0,0.0,0.0
810,2021-09-24 09:00,1.8,1.82,1.8,1.82,820,0.0,0.0,0.0
811,2021-09-24 09:15,1.82,1.82,1.82,1.82,1505,0.0,0.0,0.0
812,2021-09-24 09:30,1.81,2.03,1.81,1.975,56802,0.0,0.0,0.0
813,2021-09-24 09:45,1.97,2.12,1.955,2.05,78631,0.0,0.0,0.0
814,2021-09-24 10:00,2.05,2.075,1.975,1.995,35652,0.0,0.0,0.0
815,2021-09-24 10:15,2.0,2.075,2.0,2.05,36707,0.0,0.0,0.0
816,2021-09-24 10:30,2.05,2.19,2.05,2.15,47665,0.0,0.0,0.0
817,2021-09-24 10:45,2.14,2.19,2.13,2.19,19899,0.0,0.0,0.0
818,2021-09-24 11:00,2.175,2.18,2.115,2.145,22302,0.0,0.0,0.0
819,2021-09-24 11:15,2.155,2.17,2.08,2.1,27561,0.0,0.0,0.0
820,2021-09-24 11:30,2.09,2.095,2.06,2.085,22736,0.0,0.0,0.0
821,2021-09-24 11:45,2.085,2.14,2.085,2.14,10585,0.0,0.0,0.0
822,2021-09-24 12:00,2.145,2.15,2.1,2.105,8209,1.0,3.0,1.0
823,2021-09-24 12:15,2.105,2.145,2.105,2.145,2513,0.0,0.0,0.0
824,2021-09-24 12:30,2.15,2.23,2.15,2.21,38440,0.0,0.0,0.0
825,2021-09-24 12:45,2.215,2.28,2.21,2.25,65998,0.0,0.0,0.0
826,2021-09-24 13:00,2.255,2.26,2.22,2.23,16881,0.0,0.0,0.0
827,2021-09-24 13:15,2.225,2.225,2.165,2.185,21777,1.0,1.0,1.0
828,2021-09-24 13:30,2.185,2.185,2.14,2.18,9401,0.0,0.0,0.0
829,2021-09-24 13:45,2.175,2.18,2.095,2.12,35368,1.0,1.0,1.0
830,2021-09-24 14:00,2.105,2.105,1.985,2.03,30401,0.0,0.0,0.0
831,2021-09-24 14:15,2.04,2.085,2.04,2.045,17906,0.0,0.0,0.0
832,2021-09-24 14:30,2.045,2.065,1.965,1.975,11407,3.0,7.0,3.0
833,2021-09-24 14:45,1.955,1.99,1.93,1.945,21465,1.0,3.0,1.0
834,2021-09-24 15:00,1.985,2.055,1.985,2.045,32768,0.0,0.0,0.0
835,2021-09-24 15:15,2.045,2.045,2.015,2.045,6326,0.0,0.0,0.0
836,2021-09-24 15:30,2.0,2.025,1.995,1.995,9268,0.0,0.0,0.0
837,2021-09-24 15:45,1.995,2.04,1.995,2.025,12385,0.0,0.0,0.0
838,2021-09-27 09:15,2.18,2.28,2.17,2.28,5139,0.0,0.0,0.0
839,2021-09-27 09:30,2.26,2.34,2.215,2.28,71768,0.0,0.0,0.0
840,2021-09-27 09:45,2.285,2.41,2.27,2.405,58149,0.0,0.0,0.0
841,2021-09-27 10:00,2.385,2.455,2.345,2.4,45549,0.0,0.0,0.0
842,2021-09-27 10:15,2.4,2.44,2.36,2.42,18266,0.0,0.0,0.0
843,2021-09-27 10:30,2.42,2.5,2.395,2.455,55511,0.0,0.0,0.0
844,2021-09-27 10:45,2.46,2.46,2.38,2.425,30992,0.0,0.0,0.0
845,2021-09-27 11:00,2.455,2.48,2.43,2.48,13056,0.0,0.0,0.0
846,2021-09-27 11:15,2.5,2.585,2.48,2.57,44872,0.0,0.0,0.0
847,2021-09-27 11:30,2.565,2.64,2.535,2.55,47593,0.0,0.0,0.0
848,2021-09-27 11:45,2.555,2.595,2.53,2.58,30702,0.0,0.0,0.0
849,2021-09-27 12:00,2.56,2.56,2.49,2.52,23440,0.0,0.0,0.0
850,2021-09-27 12:15,2.52,2.585,2.505,2.58,17773,0.0,0.0,0.0
851,2021-09-27 12:30,2.555,2.645,2.555,2.585,9938,0.0,0.0,0.0
852,2021-09-27 12:45,2.61,2.62,2.565,2.57,13921,0.0,0.0,0.0
853,2021-09-27 13:00,2.59,2.59,2.51,2.52,22184,0.0,0.0,0.0
854,2021-09-27 13:15,2.525,2.57,2.525,2.545,15847,0.0,0.0,0.0
855,2021-09-27 13:30,2.53,2.53,2.43,2.49,50709,0.0,0.0,0.0
856,2021-09-27 13:45,2.48,2.53,2.44,2.515,18508,0.0,0.0,0.0
857,2021-09-27 14:00,2.515,2.515,2.46,2.51,10307,0.0,0.0,0.0
858,2021-09-27 14:15,2.53,2.56,2.5,2.555,13403,0.0,0.0,0.0
859,2021-09-27 14:30,2.56,2.56,2.515,2.53,5950,0.0,0.0,0.0
860,2021-09-27 14:45,2.525,2.58,2.485,2.57,22520,1.0,3.0,1.0
861,2021-09-27 15:00,2.58,2.69,2.58,2.635,61720,0.0,0.0,0.0
862,2021-09-27 15:15,2.63,2.67,2.61,2.64,42118,0.0,0.0,0.0
863,2021-09-27 15:30,2.64,2.8,2.635,2.765,40934,0.0,0.0,0.0
864,2021-09-27 15:45,2.755,2.765,2.665,2.73,90844,0.0,0.0,0.0
865,2021-09-27 16:00,2.82,2.83,2.73,2.77,11370,0.0,0.0,0.0
866,2021-09-27 16:15,2.77,2.84,2.76,2.8,13069,1.0,1.0,1.0
867,2021-09-27 16:30,2.82,2.87,2.82,2.84,21914,0.0,0.0,0.0
868,2021-09-27 16:45,2.84,2.84,2.75,2.8,9724,0.0,0.0,0.0
869,2021-09-28 08:00,2.88,2.97,2.88,2.97,4550,0.0,0.0,0.0
870,2021-09-28 08:15,2.96,2.99,2.96,2.97,2200,0.0,0.0,0.0
871,2021-09-28 08:30,2.95,2.98,2.95,2.98,3276,0.0,0.0,0.0
872,2021-09-28 08:45,2.98,3.0,2.92,2.92,4101,0.0,0.0,0.0
873,2021-09-28 09:00,2.94,2.95,2.87,2.91,12465,0.0,0.0,0.0
874,2021-09-28 09:15,2.93,2.93,2.86,2.88,3723,0.0,0.0,0.0
875,2021-09-28 09:30,2.88,3.085,2.78,3.075,329953,0.0,0.0,0.0
876,2021-09-28 09:45,3.065,3.32,3.03,3.165,310787,0.0,0.0,0.0
877,2021-09-28 10:00,3.165,3.43,3.12,3.395,278628,0.0,0.0,0.0
878,2021-09-28 10:15,3.39,3.44,3.14,3.225,229136,0.0,0.0,0.0
879,2021-09-28 10:30,3.23,3.245,2.795,2.995,286219,0.0,0.0,0.0
880,2021-09-28 10:45,2.98,3.03,2.93,3.01,119118,0.0,0.0,0.0
881,2021-09-28 11:00,3.015,3.07,2.94,2.985,76292,1.0,1.0,1.0
882,2021-09-28 11:15,2.975,2.975,2.625,2.68,212195,0.0,0.0,0.0
883,2021-09-28 11:30,2.68,2.94,2.68,2.875,87522,0.0,0.0,0.0
884,2021-09-28 11:45,2.875,3.03,2.86,3.015,74140,0.0,0.0,0.0
885,2021-09-28 12:00,3.02,3.09,2.975,3.075,55847,0.0,0.0,0.0
886,2021-09-28 12:15,3.09,3.12,2.995,3.025,41455,0.0,0.0,0.0
887,2021-09-28 12:30,3.04,3.09,2.98,3.04,23082,0.0,0.0,0.0
888,2021-09-28 12:45,3.04,3.13,2.94,2.965,47026,0.0,0.0,0.0
889,2021-09-28 13:00,2.97,3.03,2.92,3.02,23241,1.0,3.0,1.0
890,2021-09-28 13:15,2.985,3.07,2.955,3.04,21626,0.0,0.0,0.0
891,2021-09-28 13:30,3.025,3.17,3.01,3.15,46967,0.0,0.0,0.0
892,2021-09-28 13:45,3.17,3.2,3.03,3.045,70936,0.0,0.0,0.0
893,2021-09-28 14:00,3.065,3.085,3.0,3.065,23818,0.0,0.0,0.0
894,2021-09-28 14:15,3.07,3.12,3.05,3.115,28116,2.0,6.0,2.0
895,2021-09-28 14:30,3.12,3.16,3.07,3.135,22563,1.0,1.0,1.0
896,2021-09-28 14:45,3.155,3.27,3.125,3.185,72480,1.0,2.0,1.0
897,2021-09-28 15:00,3.17,3.32,3.17,3.22,47083,1.0,3.0,1.0
898,2021-09-28 15:15,3.22,3.225,3.05,3.11,100822,0.0,0.0,0.0
899,2021-09-28 15:30,3.095,3.21,3.0,3.2,81928,0.0,0.0,0.0
900,2021-09-28 15:45,3.2,3.285,3.1,3.21,110903,0.0,0.0,0.0
901,2021-09-28 16:00,3.13,3.13,3.13,3.13,2100,2.0,2.0,2.0
902,2021-09-28 16:15,3.085,3.085,3.085,3.085,2700,1.0,1.0,1.0
903,2021-09-28 16:30,3.1,3.1,3.09,3.09,1000,0.0,0.0,0.0
904,2021-09-28 16:45,3.08,3.13,3.07,3.13,4000,1.0,1.0,1.0
905,2021-09-29 09:00,3.03,3.04,3.03,3.04,1100,0.0,0.0,0.0
906,2021-09-29 09:15,3.02,3.12,3.02,3.05,6251,0.0,0.0,0.0
907,2021-09-29 09:30,3.06,3.28,2.96,3.18,240251,0.0,0.0,0.0
908,2021-09-29 09:45,3.16,3.41,3.15,3.31,142003,0.0,0.0,0.0
909,2021-09-29 10:00,3.315,3.37,3.17,3.255,90383,0.0,0.0,0.0
910,2021-09-29 10:15,3.225,3.36,3.205,3.26,49515,0.0,0.0,0.0
911,2021-09-29 10:30,3.26,3.675,3.23,3.61,306509,0.0,0.0,0.0
912,2021-09-29 10:45,3.615,3.69,3.43,3.45,128318,0.0,0.0,0.0
913,2021-09-29 11:00,3.47,3.55,3.38,3.52,84760,1.0,1.0,1.0
914,2021-09-29 11:15,3.55,3.93,3.55,3.86,318720,0.0,0.0,0.0
915,2021-09-29 11:30,3.88,3.99,3.825,3.955,113918,0.0,0.0,0.0
916,2021-09-29 11:45,3.96,4.075,3.85,3.91,227224,0.0,0.0,0.0
917,2021-09-29 12:00,3.905,4.03,3.87,3.97,68658,1.0,3.0,1.0
918,2021-09-29 12:15,3.975,4.17,3.975,4.12,117198,0.0,0.0,0.0
919,2021-09-29 12:30,4.14,4.19,3.97,4.17,95247,0.0,0.0,0.0
920,2021-09-29 12:45,4.15,4.15,3.82,3.9,83527,0.0,0.0,0.0
921,2021-09-29 13:00,3.935,4.315,3.9,4.255,140471,0.0,0.0,0.0
922,2021-09-29 13:15,4.23,4.35,4.195,4.245,60402,0.0,0.0,0.0
923,2021-09-29 13:30,4.24,4.34,4.18,4.255,57663,0.0,0.0,0.0
924,2021-09-29 13:45,4.255,4.435,4.135,4.43,76464,0.0,0.0,0.0
925,2021-09-29 14:00,4.395,4.75,4.37,4.71,124104,0.0,0.0,0.0
926,2021-09-29 14:15,4.715,4.845,4.31,4.31,167709,0.0,0.0,0.0
927,2021-09-29 14:30,4.15,4.24,3.66,3.66,335075,0.0,0.0,0.0
928,2021-09-29 14:45,3.59,4.02,3.19,3.86,430588,2.0,4.0,2.0
929,2021-09-29 15:00,3.855,3.95,3.155,3.18,348322,1.0,1.0,1.0
930,2021-09-29 15:15,3.18,3.385,2.89,3.385,560555,0.0,0.0,0.0
931,2021-09-29 15:30,3.425,3.62,3.235,3.505,250110,0.0,0.0,0.0
932,2021-09-29 15:45,3.525,3.525,3.26,3.395,132000,1.0,1.0,1.0
933,2021-09-29 16:00,3.34,3.54,3.34,3.43,18363,1.0,1.0,1.0
934,2021-09-29 16:15,3.41,3.42,3.28,3.37,27563,1.0,1.0,1.0
935,2021-09-29 16:30,3.36,3.62,3.36,3.59,17836,1.0,4.0,1.0
936,2021-09-29 16:45,3.57,3.58,3.49,3.56,7406,1.0,3.0,1.0
937,2021-09-30 08:00,3.98,4.0,3.98,3.98,2000,0.0,0.0,0.0
938,2021-09-30 08:15,3.92,3.96,3.92,3.96,1994,0.0,0.0,0.0
939,2021-09-30 08:30,3.98,4.01,3.945,3.945,2996,0.0,0.0,0.0
940,2021-09-30 08:45,3.945,3.97,3.86,3.89,6745,0.0,0.0,0.0
941,2021-09-30 09:00,3.9,4.17,3.9,4.16,24901,0.0,0.0,0.0
942,2021-09-30 09:15,4.15,4.19,4.1,4.14,17192,0.0,0.0,0.0
943,2021-09-30 09:30,4.145,4.365,3.8,3.9,594375,0.0,0.0,0.0
944,2021-09-30 09:45,3.885,4.07,3.725,3.88,390343,0.0,0.0,0.0
945,2021-09-30 10:00,3.87,4.25,3.87,4.115,264115,0.0,0.0,0.0
946,2021-09-30 10:15,4.11,4.27,4.01,4.08,196845,0.0,0.0,0.0
947,2021-09-30 10:30,4.065,4.065,3.925,4.01,64398,0.0,0.0,0.0
948,2021-09-30 10:45,4.0,4.1,3.91,4.02,82034,0.0,0.0,0.0
949,2021-09-30 11:00,4.015,4.03,3.92,3.945,74983,0.0,0.0,0.0
950,2021-09-30 11:15,3.96,3.975,3.785,3.85,74730,0.0,0.0,0.0
951,2021-09-30 11:30,3.85,3.85,3.58,3.705,143085,0.0,0.0,0.0
952,2021-09-30 11:45,3.72,3.85,3.635,3.775,79883,0.0,0.0,0.0
953,2021-09-30 12:00,3.78,3.79,3.67,3.71,42624,0.0,0.0,0.0
954,2021-09-30 12:15,3.71,3.73,3.455,3.67,112959,0.0,0.0,0.0
955,2021-09-30 12:30,3.665,3.695,3.58,3.605,30986,0.0,0.0,0.0
956,2021-09-30 12:45,3.61,3.82,3.61,3.8,56444,0.0,0.0,0.0
957,2021-09-30 13:00,3.81,3.81,3.72,3.78,9088,0.0,0.0,0.0
958,2021-09-30 13:15,3.775,3.815,3.65,3.74,42530,0.0,0.0,0.0
959,2021-09-30 13:30,3.71,3.805,3.67,3.77,19254,0.0,0.0,0.0
960,2021-09-30 13:45,3.785,3.93,3.785,3.84,58377,0.0,0.0,0.0
961,2021-09-30 14:00,3.83,3.91,3.8,3.825,29145,0.0,0.0,0.0
962,2021-09-30 14:15,3.855,3.865,3.72,3.735,38602,0.0,0.0,0.0
963,2021-09-30 14:30,3.73,3.76,3.62,3.63,101133,1.0,3.0,1.0
964,2021-09-30 14:45,3.64,3.7,3.6,3.68,43571,1.0,1.0,1.0
965,2021-09-30 15:00,3.685,3.77,3.675,3.715,14270,0.0,0.0,0.0
966,2021-09-30 15:15,3.71,3.735,3.655,3.7,27269,0.0,0.0,0.0
967,2021-09-30 15:30,3.685,3.89,3.66,3.86,88756,1.0,1.0,1.0
968,2021-09-30 15:45,3.875,3.875,3.77,3.79,112532,0.0,0.0,0.0
969,2021-09-30 16:00,3.88,3.88,3.8,3.8,800,1.0,1.0,1.0
970,2021-09-30 16:15,3.84,3.85,3.78,3.78,3811,0.0,0.0,0.0
971,2021-09-30 16:30,3.73,3.84,3.71,3.73,6153,1.0,3.0,1.0
972,2021-09-30 16:45,3.74,3.82,3.73,3.77,4051,0.0,0.0,0.0
973,2021-10-01 08:00,3.41,3.47,3.4,3.41,5140,0.0,0.0,0.0
974,2021-10-01 08:15,3.45,3.59,3.45,3.55,6755,0.0,0.0,0.0
975,2021-10-01 08:30,3.55,3.58,3.54,3.56,5789,0.0,0.0,0.0
976,2021-10-01 08:45,3.57,3.61,3.56,3.58,3800,0.0,0.0,0.0
977,2021-10-01 09:00,3.54,3.55,3.51,3.53,7929,0.0,0.0,0.0
978,2021-10-01 09:15,3.53,3.53,3.46,3.49,4360,0.0,0.0,0.0
979,2021-10-01 09:30,3.47,3.53,3.2,3.34,243891,0.0,0.0,0.0
980,2021-10-01 09:45,3.335,3.335,3.02,3.19,178158,0.0,0.0,0.0
981,2021-10-01 10:00,3.19,3.22,3.055,3.055,125063,0.0,0.0,0.0
982,2021-10-01 10:15,3.01,3.09,2.86,3.075,172609,0.0,0.0,0.0
983,2021-10-01 10:30,3.075,3.17,3.03,3.115,58971,0.0,0.0,0.0
984,2021-10-01 10:45,3.105,3.2,3.1,3.135,24224,0.0,0.0,0.0
985,2021-10-01 11:00,3.145,3.375,3.145,3.375,48098,0.0,0.0,0.0
986,2021-10-01 11:15,3.375,3.39,3.265,3.275,44837,0.0,0.0,0.0
987,2021-10-01 11:30,3.275,3.335,3.215,3.225,26219,0.0,0.0,0.0
988,2021-10-01 11:45,3.23,3.39,3.225,3.375,63664,0.0,0.0,0.0
989,2021-10-01 12:00,3.375,3.375,3.255,3.32,58571,0.0,0.0,0.0
990,2021-10-01 12:15,3.315,3.35,3.23,3.25,23515,0.0,0.0,0.0
991,2021-10-01 12:30,3.255,3.26,3.12,3.165,81959,0.0,0.0,0.0
992,2021-10-01 12:45,3.15,3.165,3.08,3.155,50476,0.0,0.0,0.0
993,2021-10-01 13:00,3.135,3.185,3.1,3.175,11114,0.0,0.0,0.0
994,2021-10-01 13:15,3.16,3.16,3.11,3.125,15240,0.0,0.0,0.0
995,2021-10-01 13:30,3.115,3.135,3.055,3.115,21425,0.0,0.0,0.0
996,2021-10-01 13:45,3.125,3.2,3.125,3.16,18138,0.0,0.0,0.0
997,2021-10-01 14:00,3.17,3.215,3.1,3.125,45862,0.0,0.0,0.0
